"STATION","NAME","DATE","CDSD","CLDD","DP01","DP10","DSND","DSNW","DT00","DT32","DX32","DX70","DX90","EMNT","EMSD","EMSN","EMXP","EMXT","HDSD","HTDD","PRCP","SNOW","TAVG","TMAX","TMIN"
"USC00047916","SANTA CRUZ, CA US","1969-02","0","0","20","18","0","0","0","2","0","0","0","32","0","0.0","2.95","65","2312","470","12.01","0.0","48.2","56.6","39.8"
"USC00047916","SANTA CRUZ, CA US","1969-03","1","1","7","6","0","0","0","3","0","7","0","32","0","0.0","0.51","87","2699","387","1.99","0.0","52.1","66.1","38.0"
"USC00047916","SANTA CRUZ, CA US","1969-04","1","0","7","5","0","0","0","0","0","8","0","35","0","0.0","1.63","77","3024","325","2.86","0.0","54.2","67.5","40.8"
"USC00047916","SANTA CRUZ, CA US","1969-05","2","1","1","0","0","0","0","0","0","20","0","37","0","0.0","0.08","83","3209","185","0.08","0.0","59.1","71.6","46.5"
"USC00047916","SANTA CRUZ, CA US","1969-06","7","5","2","0","0","0","0","0","0","23","0","41","0","0.0","0.02","88","3311","102","0.04","0.0","61.7","73.2","50.3"
"USC00047916","SANTA CRUZ, CA US","1969-07","10","2","0","0","0","0","0","0","0","26","0","42","0","0.0","0.00","84","90","90","0.00","0.0","62.2","73.3","51.1"
"USC00047916","SANTA CRUZ, CA US","1969-08","18","8","0","0","0","0","0","0","0","23","0","42","0","0.0","0.00","89","209","118","0.00","0.0","61.4","75.5","47.4"
"USC00047916","SANTA CRUZ, CA US","1969-09","31","13","1","0","0","0","0","0","0","19","0","43","0","0.0","0.07","89","285","77","0.07","0.0","62.9","74.7","51.0"
"USC00047916","SANTA CRUZ, CA US","1969-10","45","14","3","3","0","0","0","0","0","20","0","38","0","0.0","0.95","88","429","144","1.77","0.0","60.8","73.6","48.1"
"USC00047916","SANTA CRUZ, CA US","1969-11","45","0","4","3","0","0","0","0","0","19","0","33","0","0.0","0.91","86","679","250","1.34","0.0","56.7","71.6","41.7"
"USC00047916","SANTA CRUZ, CA US","1969-12","45","0","14","9","0","0","0","2","0","2","0","30","0","0.0","1.05","74","1082","403","6.76","0.0","51.8","61.1","42.4"
"USC00047916","SANTA CRUZ, CA US","1970-01","0","0","18","14","0","0","0","7","0","0","0","26","0","0.0","2.52","65","1496","414","13.03","0.0","51.7","59.6","43.7"
"USC00047916","SANTA CRUZ, CA US","1970-02","0","0","6","4","0","0","0","0","0","7","0","35","0","0.0","1.48","74","1806","310","3.11","0.0","53.9","66.3","41.6"
"USC00047916","SANTA CRUZ, CA US","1970-03","0","0","5","3","0","0","0","0","0","14","0","34","0","0.0","1.55","81","2126","320","3.39","0.0","54.7","68.5","40.8"
"USC00047916","SANTA CRUZ, CA US","1970-04","0","0","5","0","0","0","0","1","0","13","0","32","0","0.0","0.08","81","2492","366","0.23","0.0","52.8","68.5","37.1"
"USC00047916","SANTA CRUZ, CA US","1970-05","19","19","1","0","0","0","0","0","0","19","2","39","0","0.0","0.03","98","2672","180","0.03","0.0","59.8","73.6","46.0"
"USC00047916","SANTA CRUZ, CA US","1970-06","22","2","2","1","0","0","0","0","0","23","1","42","0","0.0","0.52","91","2798","125","0.53","0.0","60.9","73.2","48.6"
"USC00047916","SANTA CRUZ, CA US","1970-07","51","29","0","0","0","0","0","0","0","20","3","45","0","0.0","0.00","99","85","85","0.00","0.0","63.2","74.4","52.0"
"USC00047916","SANTA CRUZ, CA US","1970-08","60","9","0","0","0","0","0","0","0","26","1","41","0","0.0","0.00","92","171","86","0.00","0.0","62.5","74.8","50.2"
"USC00047916","SANTA CRUZ, CA US","1970-09","115","55","0","0","0","0","0","0","0","27","6","38","0","0.0","0.00","103","253","83","0.00","0.0","64.1","82.2","46.0"
"USC00047916","SANTA CRUZ, CA US","1970-10","115","0","4","3","0","0","0","0","0","14","0","35","0","0.0","0.58","86","480","227","1.24","0.0","57.7","70.4","45.0"
"USC00047916","SANTA CRUZ, CA US","1970-11","115","0","11","9","0","0","0","0","0","6","0","37","0","0.0","2.78","76","784","304","9.56","0.0","54.9","64.2","45.5"
"USC00047916","SANTA CRUZ, CA US","1970-12","115","0","18","13","0","0","0","2","0","0","0","30","0","0.0","1.89","65","1330","546","8.18","0.0","47.4","56.0","38.8"
"USC00047916","SANTA CRUZ, CA US","1971-01","0","0","6","6","0","0","0","8","0","7","0","25","0","0.0","1.13","77","1831","501","2.44","0.0","48.8","60.4","37.3"
"USC00047916","SANTA CRUZ, CA US","1971-02","0","0","7","4","0","0","0","4","0","6","0","32","0","0.0","0.34","80","2254","422","1.02","0.0","49.9","62.7","37.1"
"USC00047916","SANTA CRUZ, CA US","1971-03","0","0","7","6","0","0","0","4","0","7","0","28","0","0.0","0.72","78","2654","400","2.45","0.0","52.1","64.7","39.4"
"USC00047916","SANTA CRUZ, CA US","1971-04","0","0","5","4","0","0","0","0","0","8","0","33","0","0.0","1.03","81","3004","349","1.74","0.0","52.8","66.3","39.3"
"USC00047916","SANTA CRUZ, CA US","1971-05","0","0","4","0","0","0","0","0","0","10","0","38","0","0.0","0.09","79","3263","259","0.24","0.0","56.4","68.4","44.3"
"USC00047916","SANTA CRUZ, CA US","1971-06","14","14","0","0","0","0","0","0","0","24","0","39","0","0.0","0.00","86","3383","121","0.00","0.0","61.4","75.4","47.5"
"USC00047916","SANTA CRUZ, CA US","1971-07","24","9","0","0","0","0","0","0","0","24","0","43","0","0.0","0.00","84","89","89","0.00","0.0","62.4","75.1","49.7"
"USC00047916","SANTA CRUZ, CA US","1971-08","50","26","1","0","0","0","0","0","0","29","0","46","0","0.0","0.06","88","125","36","0.06","0.0","64.7","78.0","51.4"
"USC00047916","SANTA CRUZ, CA US","1971-09","106","56","2","1","0","0","0","0","0","29","4","40","0","0.0","0.28","107","192","68","0.32","0.0","64.7","80.2","49.2"
"USC00047916","SANTA CRUZ, CA US","1971-10","123","17","3","1","0","0","0","1","0","16","3","30","0","0.0","0.37","95","449","257","0.48","0.0","57.3","73.0","41.5"
"USC00047916","SANTA CRUZ, CA US","1971-11","123","0","5","5","0","0","0","0","0","4","0","33","0","0.0","1.38","82","856","407","3.74","0.0","51.4","63.8","39.1"
"USC00047916","SANTA CRUZ, CA US","1971-12","123","0","19","10","0","0","0","12","0","0","0","28","0","0.0","1.44","61","1472","616","7.48","0.0","45.1","54.6","35.6"
"USC00047916","SANTA CRUZ, CA US","1972-01","0","0","6","4","0","0","0","12","0","1","0","29","0","0.0","0.75","73","2007","535","1.79","0.0","47.0","59.3","34.8"
"USC00047916","SANTA CRUZ, CA US","1972-02","0","0","7","3","0","0","0","2","0","5","0","28","0","0.0","1.23","73","2336","329","1.81","0.0","53.1","64.4","41.9"
"USC00047916","SANTA CRUZ, CA US","1972-03","0","0","2","1","0","0","0","3","0","9","0","31","0","0.0","0.30","83","2635","299","0.32","0.0","55.3","67.9","42.8"
"USC00047916","SANTA CRUZ, CA US","1972-04","0","0","7","6","0","0","0","0","0","11","0","33","0","0.0","0.46","79","2948","313","1.92","0.0","54.6","68.7","40.5"
"USC00047916","SANTA CRUZ, CA US","1972-05","5","5","1","0","0","0","0","0","0","20","1","37","0","0.0","0.03","95","3150","202","0.03","0.0","58.6","72.7","44.6"
"USC00047916","SANTA CRUZ, CA US","1972-06","36","31","2","0","0","0","0","0","0","28","1","44","0","0.0","0.08","91","3206","55","0.14","0.0","64.2","75.5","52.9"
"USC00047916","SANTA CRUZ, CA US","1972-07","70","34","1","0","0","0","0","0","0","27","2","45","0","0.0","0.04","93","45","45","0.04","0.0","64.7","78.2","51.2"
"USC00047916","SANTA CRUZ, CA US","1972-08","102","32","0","0","0","0","0","0","0","29","2","44","0","0.0","0.00","97","93","48","0.00","0.0","64.5","77.9","51.1"
"USC00047916","SANTA CRUZ, CA US","1972-09","120","18","4","2","0","0","0","0","0","27","1","41","0","0.0","1.15","90","163","70","1.33","0.0","63.3","76.3","50.3"
"USC00047916","SANTA CRUZ, CA US","1972-10","139","19","12","6","0","0","0","0","0","21","1","35","0","0.0","0.95","92","267","104","3.42","0.0","61.9","72.4","51.5"
"USC00047916","SANTA CRUZ, CA US","1972-11","139","0","11","9","0","0","0","0","0","2","0","34","0","0.0","2.87","73","620","353","10.54","0.0","53.0","62.8","43.2"
"USC00047916","SANTA CRUZ, CA US","1972-12","139","0","11","7","0","0","0","11","0","0","0","23","0","0.0","0.83","68","1203","583","3.39","0.0","46.2","56.4","36.0"
"USC00047916","SANTA CRUZ, CA US","1973-01","0","0","15","11","0","0","0","12","0","0","0","25","0","0.0","1.55","66","1734","530","7.85","0.0","47.5","57.0","38.0"
"USC00047916","SANTA CRUZ, CA US","1973-02","0","0","15","14","0","0","0","0","0","2","0","35","0","0.0","2.20","73","2073","340","12.99","0.0","52.9","61.9","43.8"
"USC00047916","SANTA CRUZ, CA US","1973-03","0","0","13","10","0","0","0","2","0","0","0","32","0","0.0","0.95","67","2501","428","5.02","0.0","50.7","61.9","39.5"
"USC00047916","SANTA CRUZ, CA US","1973-04","0","0","1","0","0","0","0","0","0","13","0","37","0","0.0","0.05","79","2780","279","0.05","0.0","55.7","68.6","42.8"
"USC00047916","SANTA CRUZ, CA US","1973-05","11","11","1","0","0","0","0","0","0","18","1","35","0","0.0","0.04","98","2980","200","0.04","0.0","58.9","71.9","45.8"
"USC00047916","SANTA CRUZ, CA US","1973-06","67","56","0","0","0","0","0","0","0","26","5","42","0","0.0","0.00","104","3033","53","0.00","0.0","65.0","80.0","50.0"
"USC00047916","SANTA CRUZ, CA US","1973-07","78","11","0","0","0","0","0","0","0","22","1","40","0","0.0","0.00","97","115","115","0.00","0.0","61.6","74.3","48.9"
"USC00047916","SANTA CRUZ, CA US","1973-08","88","10","0","0","0","0","0","0","0","28","0","40","0","0.0","0.00","87","209","94","0.00","0.0","62.3","74.9","49.7"
"USC00047916","SANTA CRUZ, CA US","1973-09","118","30","4","2","0","0","0","0","0","25","4","44","0","0.0","0.22","97","302","93","0.41","0.0","62.9","76.6","49.2"
"USC00047916","SANTA CRUZ, CA US","1973-10","125","7","6","4","0","0","0","0","0","18","0","37","0","0.0","1.37","86","501","199","2.71","0.0","58.8","72.4","45.3"
"USC00047916","SANTA CRUZ, CA US","1973-11","125","0","17","16","0","0","0","0","0","1","0","33","0","0.0","3.10","72","904","402","9.56","0.0","51.6","60.6","42.6"
"USC00047916","SANTA CRUZ, CA US","1973-12","125","0","11","11","0","0","0","0","0","0","0","34","0","0.0","2.14","69","1370","466","6.27","0.0","49.9","59.6","40.3"
"USC00047916","SANTA CRUZ, CA US","1974-01","0","0","13","11","0","0","0","3","0","0","0","30","0","0.0","1.70","68","1871","501","6.00","0.0","48.2","57.4","38.9"
"USC00047916","SANTA CRUZ, CA US","1974-02","0","0","6","4","0","0","0","4","0","2","0","31","0","0.0","0.82","72","2288","417","2.00","0.0","49.7","62.4","36.9"
"USC00047916","SANTA CRUZ, CA US","1974-03","0","0","11","9","0","0","0","1","0","2","0","32","0","0.0","3.56","77","2672","384","7.35","0.0","52.6","61.1","44.2"
"USC00047916","SANTA CRUZ, CA US","1974-04","0","0","8","6","0","0","0","0","0","16","0","35","0","0.0","3.07","79","2970","298","4.87","0.0","55.1","69.2","40.9"
"USC00047916","SANTA CRUZ, CA US","1974-05","4","4","1","0","0","0","0","0","0","14","1","34","0","0.0","0.02","92","3257","287","0.02","0.0","55.9","69.1","42.6"
"USC00047916","SANTA CRUZ, CA US","1974-06","12","8","2","1","0","0","0","0","0","22","0","42","0","0.0","0.23","88","3376","119","0.31","0.0","61.3","74.1","48.5"
"USC00047916","SANTA CRUZ, CA US","1974-07","26","14","2","2","0","0","0","0","0","25","0","43","0","0.0","2.51","81","94","94","2.89","0.0","62.4","74.2","50.6"
"USC00047916","SANTA CRUZ, CA US","1974-08","27","1","0","0","0","0","0","0","0","23","0","43","0","0.0","0.00","82","187","93","0.00","0.0","62.0","72.3","51.7"
"USC00047916","SANTA CRUZ, CA US","1974-09","33","6","0","0","0","0","0","0","0","25","1","47","0","0.0","0.00","90","273","86","0.00","0.0","62.1","74.3","50.0"
"USC00047916","SANTA CRUZ, CA US","1974-10","50","17","5","3","0","0","0","0","0","16","2","40","0","0.0","1.22","97","452","178","1.94","0.0","59.8","72.8","46.7"
"USC00047916","SANTA CRUZ, CA US","1974-11","50","0","4","2","0","0","0","0","0","5","0","34","0","0.0","0.61","80","788","336","1.07","0.0","53.8","66.7","40.9"
"USC00047916","SANTA CRUZ, CA US","1974-12","50","0","6","4","0","0","0","4","0","0","0","28","0","0.0","2.40","69","1282","494","3.91","0.0","48.5","59.6","37.5"
"USC00047916","SANTA CRUZ, CA US","1975-01","0","0","6","3","0","0","0","8","0","12","0","24","0","0.0","0.53","81","1752","470","1.28","0.0","49.9","63.6","36.1"
"USC00047916","SANTA CRUZ, CA US","1975-02","0","0","11","11","0","0","0","2","0","3","0","31","0","0.0","2.20","72","2152","400","5.72","0.0","50.7","60.8","40.6"
"USC00047916","SANTA CRUZ, CA US","1975-03","0","0","15","11","0","0","0","0","0","1","0","33","0","0.0","1.96","74","2531","378","6.65","0.0","52.1","63.0","41.2"
"USC00047916","SANTA CRUZ, CA US","1975-04","0","0","12","9","0","0","0","0","0","3","0","33","0","0.0","0.95","72","2974","443","2.63","0.0","50.2","62.2","38.2"
"USC00047916","SANTA CRUZ, CA US","1975-05","11","11","0","0","0","0","0","0","0","14","2","35","0","0.0","0.00","94","3211","237","0.00","0.0","57.7","71.1","44.4"
"USC00047916","SANTA CRUZ, CA US","1975-06","11","0","1","1","0","0","0","0","0","15","0","39","0","0.0","0.10","82","3380","169","0.10","0.0","59.4","70.0","48.7"
"USC00047916","SANTA CRUZ, CA US","1975-07","15","4","3","1","0","0","0","0","0","24","0","41","0","0.0","0.12","88","102","102","0.14","0.0","61.8","74.8","48.9"
"USC00047916","SANTA CRUZ, CA US","1975-08","39","24","3","2","0","0","0","0","0","21","4","42","0","0.0","0.48","97","191","89","0.85","0.0","62.9","75.4","50.4"
"USC00047916","SANTA CRUZ, CA US","1975-09","54","15","0","0","0","0","0","0","0","25","1","44","0","0.0","0.00","102","288","97","0.00","0.0","62.3","74.5","50.0"
"USC00047916","SANTA CRUZ, CA US","1975-10","60","6","5","3","0","0","0","0","0","17","1","35","0","0.0","1.22","92","503","214","3.65","0.0","58.3","71.8","44.7"
"USC00047916","SANTA CRUZ, CA US","1975-11","60","0","2","1","0","0","0","3","0","6","0","28","0","0.0","0.43","81","887","384","0.49","0.0","52.2","65.8","38.6"
"USC00047916","SANTA CRUZ, CA US","1975-12","60","0","2","2","0","0","0","6","0","6","0","27","0","0.0","0.20","80","1366","479","0.30","0.0","49.5","62.2","36.9"
"USC00047916","SANTA CRUZ, CA US","1976-01","0","0","2","1","0","0","0","10","0","12","0","23","0","0.0","0.27","81","1825","459","0.32","0.0","49.8","65.0","34.7"
"USC00047916","SANTA CRUZ, CA US","1976-02","0","0","11","6","0","0","0","5","0","4","0","28","0","0.0","1.30","83","2240","415","3.89","0.0","50.7","63.1","38.2"
"USC00047916","SANTA CRUZ, CA US","1976-03","0","0","7","4","0","0","0","4","0","8","0","30","0","0.0","1.45","79","2671","430","1.93","0.0","51.1","65.0","37.3"
"USC00047916","SANTA CRUZ, CA US","1976-04","0","0","8","5","0","0","0","2","0","7","0","32","0","0.0","1.03","86","3004","333","2.11","0.0","53.5","66.7","40.3"
"USC00047916","SANTA CRUZ, CA US","1976-05","10","10","0","0","0","0","0","0","0","20","1","37","0","0.0","0.00","95","3210","206","0.00","0.0","58.6","73.1","44.1"
"USC00047916","SANTA CRUZ, CA US","1976-06","106","96","2","1","0","0","0","0","0","27","9","36","0","0.0","0.18","106","3318","109","0.20","0.0","64.6","82.5","46.6"
"USC00047916","SANTA CRUZ, CA US","1976-07","117","11","1","0","0","0","0","0","0","25","0","42","0","0.0","0.01","86","52","52","0.01","0.0","63.6","76.0","51.2"
"USC00047916","SANTA CRUZ, CA US","1976-08","153","36","4","4","0","0","0","0","0","29","0","46","0","0.0","0.45","88","84","32","1.25","0.0","65.1","77.1","53.1"
"USC00047916","SANTA CRUZ, CA US","1976-09","180","27","3","3","0","0","0","0","0","22","1","46","0","0.0","0.51","100","151","67","1.22","0.0","63.5","74.7","52.3"
"USC00047916","SANTA CRUZ, CA US","1976-10","205","25","1","1","0","0","0","0","0","21","1","38","0","0.0","0.46","91","269","118","0.46","0.0","62.0","75.6","48.3"
"USC00047916","SANTA CRUZ, CA US","1976-11","211","6","3","2","0","0","0","2","0","19","1","32","0","0.0","2.89","90","480","211","3.80","0.0","58.2","71.8","44.5"
"USC00047916","SANTA CRUZ, CA US","1976-12","211","0","2","2","0","0","0","5","0","7","0","30","0","0.0","1.40","76","926","447","2.63","0.0","50.6","66.2","34.9"
"USC00047916","SANTA CRUZ, CA US","1977-01","0","0","5","3","0","0","0","2","0","4","0","31","0","0.0","1.04","76","1401","474","1.75","0.0","49.7","62.6","36.8"
"USC00047916","SANTA CRUZ, CA US","1977-02","0","0","5","4","0","0","0","0","0","9","0","33","0","0.0","0.61","83","1703","302","1.55","0.0","54.2","68.0","40.4"
"USC00047916","SANTA CRUZ, CA US","1977-03","0","0","9","5","0","0","0","3","0","5","0","31","0","0.0","1.51","77","2139","436","2.24","0.0","50.9","64.4","37.5"
"USC00047916","SANTA CRUZ, CA US","1977-04","0","0","3","1","0","0","0","0","0","17","0","34","0","0.0","0.19","82","2419","280","0.21","0.0","55.7","70.9","40.5"
"USC00047916","SANTA CRUZ, CA US","1977-05","0","0","7","3","0","0","0","0","0","13","0","35","0","0.0","0.35","81","2708","289","0.74","0.0","55.7","68.0","43.4"
"USC00047916","SANTA CRUZ, CA US","1977-06","7","7","2","0","0","0","0","0","0","18","0","40","0","0.0","0.06","86","2834","126","0.07","0.0","61.0","71.5","50.5"
"USC00047916","SANTA CRUZ, CA US","1977-07","26","19","1","0","0","0","0","0","0","24","1","42","0","0.0","0.01","102","86","86","0.01","0.0","62.9","76.0","49.7"
"USC00047916","SANTA CRUZ, CA US","1977-08","81","56","0","0","0","0","0","0","0","30","3","47","0","0.0","0.00","93","116","30","0.00","0.0","65.8","78.7","52.9"
"USC00047916","SANTA CRUZ, CA US","1977-09","88","7","6","2","0","0","0","0","0","23","0","44","0","0.0","0.67","83","193","77","1.35","0.0","62.7","73.6","51.7"
"USC00047916","SANTA CRUZ, CA US","1977-10","99","11","2","1","0","0","0","0","0","22","1","41","0","0.0","0.24","90","330","137","0.26","0.0","60.9","74.7","47.1"
"USC00047916","SANTA CRUZ, CA US","1977-11","99","0","3","3","0","0","0","2","0","16","0","30","0","0.0","0.79","79","611","282","1.72","0.0","55.6","69.4","41.8"
"USC00047916","SANTA CRUZ, CA US","1977-12","99","0","14","10","0","0","0","1","0","2","0","32","0","0.0","2.04","78","975","363","6.09","0.0","53.3","63.0","43.6"
"USC00047916","SANTA CRUZ, CA US","1978-01","0","0","17","12","0","0","0","0","0","1","0","34","0","0.0","2.09","70","1350","376","11.40","0.0","52.9","61.2","44.6"
"USC00047916","SANTA CRUZ, CA US","1978-02","0","0","11","7","0","0","0","0","0","4","0","38","0","0.0","2.13","74","1687","336","6.13","0.0","53.0","62.5","43.5"
"USC00047916","SANTA CRUZ, CA US","1978-03","5","5","15","9","0","0","0","0","0","7","0","40","0","0.0","1.08","84","1921","235","5.98","0.0","57.6","67.3","47.9"
"USC00047916","SANTA CRUZ, CA US","1978-04","5","0","12","8","0","0","0","0","0","7","0","36","0","0.0","1.46","74","2238","316","5.30","0.0","54.4","65.0","43.9"
"USC00047916","SANTA CRUZ, CA US","1978-05","24","19","1","0","0","0","0","0","0","24","3","39","0","0.0","0.01","92","2378","141","0.01","0.0","61.1","76.2","46.0"
"USC00047916","SANTA CRUZ, CA US","1978-06","27","3","2","0","0","0","0","0","0","24","0","41","0","0.0","0.05","84","2496","118","0.08","0.0","61.2","74.7","47.6"
"USC00047916","SANTA CRUZ, CA US","1978-07","37","9","0","0","0","0","0","0","0","24","0","45","0","0.0","0.00","85","88","88","0.00","0.0","62.5","73.6","51.3"
"USC00047916","SANTA CRUZ, CA US","1978-08","48","11","0","0","0","0","0","0","0","29","0","46","0","0.0","0.00","86","146","57","0.00","0.0","63.5","75.9","51.1"
"USC00047916","SANTA CRUZ, CA US","1978-09","94","46","1","1","0","0","0","0","0","28","6","43","0","0.0","0.62","99","213","67","0.62","0.0","64.6","79.6","49.6"
"USC00047916","SANTA CRUZ, CA US","1978-10","111","17","0","0","0","0","0","0","0","11","3","39","0","0.0","0.00","92","429","215","0.00","0.0","58.6","70.6","46.6"
"USC00047916","SANTA CRUZ, CA US","1978-11","111","0","7","4","0","0","0","2","0","3","0","31","0","0.0","1.70","79","858","429","4.48","0.0","50.7","61.0","40.4"
"USC00047916","SANTA CRUZ, CA US","1978-12","111","0","4","3","0","0","0","11","0","0","0","27","0","0.0","0.64","63","1467","609","1.09","0.0","45.4","55.9","34.9"
"USC00047916","SANTA CRUZ, CA US","1979-01","0","0","14","11","0","0","0","5","0","0","0","28","0","0.0","2.61","63","2021","554","10.06","0.0","47.1","55.6","38.7"
"USC00047916","SANTA CRUZ, CA US","1979-02","0","0","14","9","0","0","0","2","0","0","0","29","0","0.0","2.30","65","2501","480","7.55","0.0","47.8","56.7","39.0"
"USC00047916","SANTA CRUZ, CA US","1979-03","0","0","10","6","0","0","0","0","0","5","0","36","0","0.0","1.07","78","2865","364","3.84","0.0","53.3","61.9","44.6"
"USC00047916","SANTA CRUZ, CA US","1979-04","0","0","7","5","0","0","0","0","0","15","0","37","0","0.0","0.33","75","3124","259","1.29","0.0","56.4","68.5","44.2"
"USC00047916","SANTA CRUZ, CA US","1979-05","15","15","2","2","0","0","0","0","0","15","1","42","0","0.0","0.36","92","3297","173","0.66","0.0","59.9","71.3","48.5"
"USC00047916","SANTA CRUZ, CA US","1979-06","26","10","0","0","0","0","0","0","0","28","1","42","0","0.0","0.00","93","3407","110","0.00","0.0","61.7","74.8","48.6"
"USC00047916","SANTA CRUZ, CA US","1979-07","52","26","2","1","0","0","0","0","0","28","0","45","0","0.0","0.12","89","50","50","0.20","0.0","64.2","76.2","52.2"
"USC00047916","SANTA CRUZ, CA US","1979-08","85","34","0","0","0","0","0","0","0","27","0","43","0","0.0","0.00","87","103","53","0.00","0.0","64.4","77.0","51.7"
"USC00047916","SANTA CRUZ, CA US","1979-09","189","104","0","0","0","0","0","0","0","29","3","49","0","0.0","0.00","99","119","16","0.00","0.0","67.9","82.3","53.6"
"USC00047916","SANTA CRUZ, CA US","1979-10","196","7","6","5","0","0","0","0","0","17","0","42","0","0.0","1.13","80","256","138","3.45","0.0","60.8","71.5","50.1"
"USC00047916","SANTA CRUZ, CA US","1979-11","196","0","9","6","0","0","0","1","0","1","0","31","0","0.0","0.69","70","617","360","2.52","0.0","53.0","63.2","42.8"
"USC00047916","SANTA CRUZ, CA US","1979-12","196","0","9","6","0","0","0","1","0","3","0","30","0","0.0","2.35","70","1072","455","6.79","0.0","50.3","60.6","40.1"
"USC00047916","SANTA CRUZ, CA US","1980-01","0","0","11","10","0","0","0","1","0","0","0","32","0","0.0","4.14","66","1458","386","9.97","0.0","51.3","59.3","43.2"
"USC00047916","SANTA CRUZ, CA US","1980-02","0","0","12","11","0","0","0","0","0","0","0","34","0","0.0","1.55","69","1765","307","8.70","0.0","54.4","63.0","45.9"
"USC00047916","SANTA CRUZ, CA US","1980-03","0","0","10","5","0","0","0","0","0","6","0","37","0","0.0","0.67","74","2121","356","2.02","0.0","53.5","65.3","41.8"
"USC00047916","SANTA CRUZ, CA US","1980-04","0","0","5","4","0","0","0","0","0","14","0","38","0","0.0","1.73","82","2376","254","2.21","0.0","56.5","68.9","44.1"
"USC00047916","SANTA CRUZ, CA US","1980-05","0","0","3","1","0","0","0","0","0","12","0","40","0","0.0","0.57","76","2628","252","0.61","0.0","56.9","67.9","45.8"
"USC00047916","SANTA CRUZ, CA US","1980-06","16","16","2","1","0","0","0","0","0","25","1","42","0","0.0","0.12","94","2759","130","0.17","0.0","61.1","75.1","47.1"
"USC00047916","SANTA CRUZ, CA US","1980-07","38","23","2","2","0","0","0","0","0","30","0","47","0","0.0","0.57","83","39","39","0.71","0.0","64.5","75.2","53.7"
"USC00047916","SANTA CRUZ, CA US","1980-08","58","19","0","0","0","0","0","0","0","22","0","49","0","0.0","0.00","87","107","68","0.00","0.0","63.4","73.3","53.6"
"USC00047916","SANTA CRUZ, CA US","1980-09","75","18","0","0","0","0","0","0","0","23","2","42","0","0.0","0.00","95","194","87","0.00","0.0","62.7","74.7","50.6"
"USC00047916","SANTA CRUZ, CA US","1980-10","126","51","2","0","0","0","0","0","0","18","3","40","0","0.0","0.03","102","385","190","0.04","0.0","60.5","73.9","47.1"
"USC00047916","SANTA CRUZ, CA US","1980-11","128","2","3","1","0","0","0","0","0","11","0","34","0","0.0","0.14","82","697","313","0.17","0.0","54.6","67.4","41.9"
"USC00047916","SANTA CRUZ, CA US","1980-12","128","0","3","3","0","0","0","0","0","7","0","33","0","0.0","2.19","78","1092","395","2.57","0.0","52.3","64.0","40.5"
"USC00047916","SANTA CRUZ, CA US","1981-01","0","0","14","7","0","0","0","0","0","6","0","35","0","0.0","2.11","77","1457","365","7.06","0.0","53.2","63.9","42.5"
"USC00047916","SANTA CRUZ, CA US","1981-02","0","0","9","6","0","0","0","0","0","5","0","34","0","0.0","0.95","79","1783","326","2.62","0.0","53.4","64.5","42.2"
"USC00047916","SANTA CRUZ, CA US","1981-03","0","0","14","10","0","0","0","0","0","3","0","38","0","0.0","3.20","74","2163","380","8.51","0.0","52.7","63.0","42.5"
"USC00047916","SANTA CRUZ, CA US","1981-04","8","8","3","1","0","0","0","0","0","11","1","35","0","0.0","0.19","94","2422","259","0.26","0.0","56.6","70.2","43.1"
"USC00047916","SANTA CRUZ, CA US","1981-05","8","0","2","1","0","0","0","0","0","18","0","38","0","0.0","0.32","84","2615","193","0.35","0.0","58.8","71.3","46.3"
"USC00047916","SANTA CRUZ, CA US","1981-06","76","68","0","0","0","0","0","0","0","26","4","45","0","0.0","0.00","97","2669","54","0.00","0.0","65.5","80.5","50.5"
"USC00047916","SANTA CRUZ, CA US","1981-07","103","27","0","0","0","0","0","0","0","21","3","43","0","0.0","0.00","98","119","119","0.00","0.0","62.0","74.5","49.5"
"USC00047916","SANTA CRUZ, CA US","1981-08","115","12","0","0","0","0","0","0","0","26","0","38","0","0.0","0.00","87","225","106","0.00","0.0","62.0","75.9","48.0"
"USC00047916","SANTA CRUZ, CA US","1981-09","119","4","2","1","0","0","0","0","0","23","0","44","0","0.0","0.15","87","338","113","0.17","0.0","61.4","73.5","49.2"
"USC00047916","SANTA CRUZ, CA US","1981-10","121","2","6","4","0","0","0","0","0","14","0","39","0","0.0","0.49","83","585","247","1.26","0.0","57.1","70.2","43.9"
"USC00047916","SANTA CRUZ, CA US","1981-11","122","1","11","10","0","0","0","0","0","7","0","36","0","0.0","1.90","85","844","259","7.05","0.0","56.4","65.9","46.9"
"USC00047916","SANTA CRUZ, CA US","1981-12","122","0","10","8","0","0","0","0","0","2","0","35","0","0.0","2.29","71","1256","411","4.36","0.0","51.7","61.2","42.2"
"USC00047916","SANTA CRUZ, CA US","1982-01","0","0","11","10","0","0","0","5","0","1","0","28","0","0.0","6.91","70","1829","573","13.38","0.0","46.5","58.0","35.0"
"USC00047916","SANTA CRUZ, CA US","1982-02","0","0","5","4","0","0","0","1","0","4","0","32","0","0.0","3.12","75","2143","314","6.63","0.0","53.3","64.1","42.6"
"USC00047916","SANTA CRUZ, CA US","1982-03","0","0","19","16","0","0","0","0","0","2","0","35","0","0.0","1.03","71","2561","418","7.85","0.0","51.5","60.6","42.4"
"USC00047916","SANTA CRUZ, CA US","1982-04","1","1",,,,,"0","0","0","11","0","36",,,,"84","2832","271",,,"56.0","67.2","44.8"
"USC00047916","SANTA CRUZ, CA US","1982-05","1","0","2","0","0","0","0","0","0","8","0","41","0","0.0","0.03","77","3065","233","0.05","0.0","57.5","67.3","47.7"
"USC00047916","SANTA CRUZ, CA US","1982-06","12","11","7","1","0","0","0","0","0","14","0","44","0","0.0","0.13","83","3220","155","0.28","0.0","60.2","69.4","51.0"
"USC00047916","SANTA CRUZ, CA US","1982-07","16","4","0","0","0","0","0","0","0","27","0","49","0","0.0","0.00","81","55","55","0.00","0.0","63.3","74.1","52.6"
"USC00047916","SANTA CRUZ, CA US","1982-08","39","23","2","0","0","0","0","0","0","25","1","48","0","0.0","0.05","98","105","50","0.06","0.0","64.1","76.0","52.2"
"USC00047916","SANTA CRUZ, CA US","1982-09","61","22","5","3","0","0","0","0","0","24","0","46","0","0.0","0.51","86","180","75","1.19","0.0","63.2","75.1","51.4"
"USC00047916","SANTA CRUZ, CA US","1982-10","67","6","6","3","0","0","0","0","0","22","0","42","0","0.0","1.13","85","334","154","2.50","0.0","60.2","72.9","47.6"
"USC00047916","SANTA CRUZ, CA US","1982-11","67","0","12","9","0","0","0","0","0","5","0","36","0","0.0","1.59","79","681","347","6.46","0.0","53.4","64.2","42.7"
"USC00047916","SANTA CRUZ, CA US","1982-12","67","0","9","4","0","0","0","3","0","0","0","30","0","0.0","1.46","67","1140","459","2.99","0.0","50.2","60.0","40.4"
"USC00047916","SANTA CRUZ, CA US","1983-01","0","0","11","8","0","0","0","2","0","5","0","32","0","0.0","2.24","79","1555","415","9.16","0.0","51.6","62.6","40.6"
"USC00047916","SANTA CRUZ, CA US","1983-02","0","0","17","14","0","0","0","0","0","1","0","37","0","0.0","2.20","71","1887","332","9.74","0.0","53.1","62.0","44.3"
"USC00047916","SANTA CRUZ, CA US","1983-03","0","0","22","17","0","0","0","0","0","2","0","39","0","0.0","2.04","71","2245","358","15.15","0.0","53.5","61.2","45.6"
"USC00047916","SANTA CRUZ, CA US","1983-04","0","0","7","7","0","0","0","0","0","4","0","36","0","0.0","2.59","72","2560","314","5.08","0.0","54.5","64.1","44.9"
"USC00047916","SANTA CRUZ, CA US","1983-05","1","1","3","2","0","0","0","0","0","16","0","40","0","0.0","0.34","82","2739","180","0.60","0.0","59.2","70.3","48.2"
"USC00047916","SANTA CRUZ, CA US","1983-06","13","11","0","0","0","0","0","0","0","23","0","45","0","0.0","0.00","89","2838","98","0.00","0.0","62.1","73.3","50.9"
"USC00047916","SANTA CRUZ, CA US","1983-07","61","49","0","0","0","0","0","0","0","30","2","45","0","0.0","0.00","100","42","42","0.00","0.0","65.2","78.7","51.8"
"USC00047916","SANTA CRUZ, CA US","1983-08","136","75","1","1","0","0","0","0","0","30","2","49","0","0.0","0.23","94","51","9","0.23","0.0","67.1","79.2","55.0"
"USC00047916","SANTA CRUZ, CA US","1983-09","232","96","3","1","0","0","0","0","0","28","4","47","0","0.0","1.91","100","64","13","2.00","0.0","67.8","79.8","55.7"
"USC00047916","SANTA CRUZ, CA US","1983-10","253","20","4","3","0","0","0","0","0","27","1","45","0","0.0","0.41","92","152","88","1.07","0.0","62.8","75.0","50.6"
"USC00047916","SANTA CRUZ, CA US","1983-11","253","0","12","10","0","0","0","0","0","3","0","35","0","0.0","2.81","74","495","343","8.58","0.0","53.6","62.7","44.5"
"USC00047916","SANTA CRUZ, CA US","1983-12","253","0","17","13","0","0","0","0","0","0","0","33","0","0.0","2.61","66","901","406","8.14","0.0","51.9","59.3","44.5"
"USC00047916","SANTA CRUZ, CA US","1984-01","0","0","2","2","0","0","0","2","0","3","0","31","0","0.0","0.20","75","1337","436","0.33","0.0","50.9","63.0","38.9"
"USC00047916","SANTA CRUZ, CA US","1984-02","0","0","9","5","0","0","0","0","0","1","0","34","0","0.0","0.75","71","1695","358","2.41","0.0","51.7","62.8","40.6"
"USC00047916","SANTA CRUZ, CA US","1984-03","0","0","5","3","0","0","0","0","0","12","0","38","0","0.0","0.83","79","1976","281","1.94","0.0","55.9","68.1","43.8"
"USC00047916","SANTA CRUZ, CA US","1984-04","4","4","6","3","0","0","0","0","0","11","0","37","0","0.0","0.58","87","2267","291","1.19","0.0","55.4","68.3","42.5"
"USC00047916","SANTA CRUZ, CA US","1984-05","41","37","1","1","0","0","0","0","0","28","4","39","0","0.0","0.11","96","2366","99","0.11","0.0","63.0","79.1","46.9"
"USC00047916","SANTA CRUZ, CA US","1984-06","43","2","3","0","0","0","0","0","0","23","0","44","0","0.0","0.09","84","2488","122","0.15","0.0","61.0","73.0","49.1"
"USC00047916","SANTA CRUZ, CA US","1984-07","70","27","0","0","0","0","0","0","0","31","0","48","0","0.0","0.00","86","23","23","0.00","0.0","65.1","76.1","54.1"
"USC00047916","SANTA CRUZ, CA US","1984-08","111","40","0","0","0","0","0","0","0","31","0","50","0","0.0","0.00","88","45","22","0.00","0.0","65.6","77.7","53.5"
"USC00047916","SANTA CRUZ, CA US","1984-09","231","121","1","1","0","0","0","0","0","30","8","40","0","0.0","0.11","95","63","18","0.11","0.0","68.4","83.8","53.1"
"USC00047916","SANTA CRUZ, CA US","1984-10","239","7","5","2","0","0","0","0","0","16","0","39","0","0.0","3.00","88","252","188","3.59","0.0","58.8","70.5","47.0"
"USC00047916","SANTA CRUZ, CA US","1984-11","239","0","15","13","0","0","0","0","0","2","0","35","0","0.0","1.86","72","632","380","11.06","0.0","52.3","61.0","43.7"
"USC00047916","SANTA CRUZ, CA US","1984-12","239","0","10","5","0","0","0","5","0","0","0","30","0","0.0","1.21","67","1145","513","2.39","0.0","48.4","58.4","38.5"
"USC00047916","SANTA CRUZ, CA US","1985-01","0","0","6","4","0","0","0","3","0","3","0","29","0","0.0","0.58","71","1654","508","1.71","0.0","48.6","60.0","37.2"
"USC00047916","SANTA CRUZ, CA US","1985-02","0","0","5","2","0","0","0","4","0","7","0","31","0","0.0","2.16","79","2016","362","3.28","0.0","52.1","64.4","39.7"
"USC00047916","SANTA CRUZ, CA US","1985-03","0","0","13","9","0","0","0","0","0","0","0","34","0","0.0","2.12","69","2459","443","6.60","0.0","50.7","60.9","40.5"
"USC00047916","SANTA CRUZ, CA US","1985-04","8","8","3","2","0","0","0","0","0","17","0","41","0","0.0","0.28","89","2666","206","0.42","0.0","58.4","70.5","46.3"
"USC00047916","SANTA CRUZ, CA US","1985-05","8","0","2","1","0","0","0","0","0","17","0","40","0","0.0","0.14","78","2893","227","0.20","0.0","57.6","69.7","45.6"
"USC00047916","SANTA CRUZ, CA US","1985-06","29","20","1","1","0","0","0","0","0","21","0","42","0","0.0","0.14","85","2965","72","0.14","0.0","63.3","74.7","51.9"
"USC00047916","SANTA CRUZ, CA US","1985-07","99","71","2","0","0","0","0","0","0","28","4","52","0","0.0","0.09","99","34","34","0.13","0.0","66.2","77.9","54.4"
"USC00047916","SANTA CRUZ, CA US","1985-08","124","25","1","0","0","0","0","0","0","30","0","47","0","0.0","0.02","86","83","49","0.02","0.0","64.2","77.1","51.3"
"USC00047916","SANTA CRUZ, CA US","1985-09","142","18","2","1","0","0","0","0","0","24","1","45","0","0.0","0.12","91","157","73","0.14","0.0","63.2","73.5","52.8"
"USC00047916","SANTA CRUZ, CA US","1985-10","159","16","3","1","0","0","0","0","0","16","1","39","0","0.0","0.88","93","369","212","0.93","0.0","58.3","70.9","45.7"
"USC00047916","SANTA CRUZ, CA US","1985-11","159","0","9","6","0","0","0","4","0","5","0","29","0","0.0","2.07","76","777","408","5.69","0.0","51.4","61.4","41.4"
"USC00047916","SANTA CRUZ, CA US","1985-12","159","0","9","5","0","0","0","5","0","8","0","26","0","0.0","1.60","75","1216","439","3.91","0.0","50.8","62.7","38.9"
"USC00047916","SANTA CRUZ, CA US","1986-01","0","0","12","9","0","0","0","0","0","7","0","35","0","0.0","1.96","76","1538","322","6.94","0.0","54.6","64.4","44.8"
"USC00047916","SANTA CRUZ, CA US","1986-02","1","1","14","11","0","0","0","2","0","6","0","31","0","0.0","4.08","84","1834","296","12.20","0.0","54.5","63.2","45.7"
"USC00047916","SANTA CRUZ, CA US","1986-03","3","2","11","8","0","0","0","0","0","11","0","35","0","0.0","1.78","82","2089","255","8.24","0.0","56.8","67.3","46.4"
"USC00047916","SANTA CRUZ, CA US","1986-04","4","1","4","2","0","0","0","0","0","7","0","39","0","0.0","0.41","84","2365","276","0.77","0.0","55.8","66.6","45.0"
"USC00047916","SANTA CRUZ, CA US","1986-05","5","0","2","2","0","0","0","0","0","18","0","38","0","0.0","0.42","82","2567","202","0.60","0.0","58.5","70.8","46.2"
"USC00047916","SANTA CRUZ, CA US","1986-06","11","6","0","0","0","0","0","0","0","23","0","47","0","0.0","0.00","86","2640","73","0.00","0.0","62.8","73.8","51.7"
"USC00047916","SANTA CRUZ, CA US","1986-07","17","6","0","0","0","0","0","0","0","22","0","45","0","0.0","0.00","79","86","86","0.00","0.0","62.4","72.0","52.9"
"USC00047916","SANTA CRUZ, CA US","1986-08","23","5","0","0","0","0","0","0","0","18","0","50","0","0.0","0.00","83","159","73","0.00","0.0","62.8","71.6","54.0"
"USC00047916","SANTA CRUZ, CA US","1986-09","23","0","7","4","0","0","0","0","0","13","0","44","0","0.0","0.95","76","313","154","1.74","0.0","59.9","69.1","50.7"
"USC00047916","SANTA CRUZ, CA US","1986-10","26","4","2","0","0","0","0","0","0","20","0","41","0","0.0","0.03","86","454","141","0.05","0.0","60.6","72.5","48.6"
"USC00047916","SANTA CRUZ, CA US","1986-11","26","0","1","0","0","0","0","0","0","12","0","33","0","0.0","0.05","81","718","265","0.05","0.0","56.2","69.9","42.5"
"USC00047916","SANTA CRUZ, CA US","1986-12","26","0","9","5","0","0","0","0","0","2","0","33","0","0.0","0.54","72","1167","449","1.68","0.0","50.5","61.7","39.3"
"USC00047916","SANTA CRUZ, CA US","1987-01","0","0","10","9","0","0","0","7","0","1","0","29","0","0.0","0.91","71","1651","483","3.47","0.0","48.9","59.2","38.6"
"USC00047916","SANTA CRUZ, CA US","1987-02","0","0","10","7","0","0","0","2","0","5","0","31","0","0.0","2.79","81","1986","335","5.28","0.0","53.0","64.4","41.7"
"USC00047916","SANTA CRUZ, CA US","1987-03","0","0","10","5","0","0","0","0","0","7","0","35","0","0.0","2.46","80","2334","348","4.49","0.0","53.8","64.8","42.7"
"USC00047916","SANTA CRUZ, CA US","1987-04","2","2","2","1","0","0","0","0","0","18","0","38","0","0.0","0.79","88","2536","202","0.84","0.0","58.3","71.1","45.5"
"USC00047916","SANTA CRUZ, CA US","1987-05","15","12","0","0","0","0","0","0","0","17","1","45","0","0.0","0.00","92","2668","132","0.00","0.0","61.2","71.5","50.8"
"USC00047916","SANTA CRUZ, CA US","1987-06","16","2","0","0","0","0","0","0","0","23","0","45","0","0.0","0.00","85","2762","94","0.00","0.0","61.9","72.7","51.2"
"USC00047916","SANTA CRUZ, CA US","1987-07","25","9","0","0","0","0","0","0","0","26","0","45","0","0.0","0.00","86","62","62","0.00","0.0","63.3","75.9","50.7"
"USC00047916","SANTA CRUZ, CA US","1987-08","36","11","0","0","0","0","0","0","0","26","0","48","0","0.0","0.00","80","96","33","0.00","0.0","64.3","74.1","54.4"
"USC00047916","SANTA CRUZ, CA US","1987-09","61","25","0","0","0","0","0","0","0","23","1","46","0","0.0","0.00","91","147","51","0.00","0.0","64.1","75.9","52.3"
"USC00047916","SANTA CRUZ, CA US","1987-10","105","44","3","3","0","0","0","0","0","18","3","44","0","0.0","0.66","103","241","94","0.94","0.0","63.4","74.3","52.5"
"USC00047916","SANTA CRUZ, CA US","1987-11","105","0","8","4","0","0","0","0","0","9","0","33","0","0.0","1.43","76","546","304","3.05","0.0","54.8","65.8","43.9"
"USC00047916","SANTA CRUZ, CA US","1987-12","105","0","17","14","0","0","0","3","0","0","0","29","0","0.0","1.84","66","1021","475","7.15","0.0","49.7","57.1","42.3"
"USC00047916","SANTA CRUZ, CA US","1988-01","0","0","12","9","0","0","0","1","0","4","0","29","0","0.0","0.96","76","1460","439","4.44","0.0","50.8","61.3","40.4"
"USC00047916","SANTA CRUZ, CA US","1988-02","1","1","3","2","0","0","0","4","0","14","0","30","0","0.0","0.48","82","1757","297","0.74","0.0","54.8","69.6","40.0"
"USC00047916","SANTA CRUZ, CA US","1988-03","4","3","1","0","0","0","0","0","0","20","0","33","0","0.0","0.05","88","2021","263","0.05","0.0","56.6","71.5","41.8"
"USC00047916","SANTA CRUZ, CA US","1988-04","7","2","7","3","0","0","0","0","0","14","0","38","0","0.0","0.71","89","2228","207","1.74","0.0","58.2","70.5","45.9"
"USC00047916","SANTA CRUZ, CA US","1988-05","19","12","6","2","0","0","0","0","0","23","1","39","0","0.0","0.28","94","2412","184","0.59","0.0","59.4","73.4","45.5"
"USC00047916","SANTA CRUZ, CA US","1988-06","30","11","1","0","0","0","0","0","0","23","1","41","0","0.0","0.02","91","2518","106","0.02","0.0","61.8","73.3","50.4"
"USC00047916","SANTA CRUZ, CA US","1988-07","58","28","0","0","0","0","0","0","0","28","0","46","0","0.0","0.00","84","39","39","0.00","0.0","64.7","75.3","54.0"
"USC00047916","SANTA CRUZ, CA US","1988-08","80","22","0","0","0","0","0","0","0","27","1","48","0","0.0","0.00","91","79","40","0.00","0.0","64.4","75.2","53.6"
"USC00047916","SANTA CRUZ, CA US","1988-09","96","15","0","0","0","0","0","0","0","26","1","43","0","0.0","0.00","94","151","72","0.00","0.0","63.1","74.9","51.4"
"USC00047916","SANTA CRUZ, CA US","1988-10","112","16","1","1","0","0","0","0","0","15","2","42","0","0.0","0.30","93","329","178","0.30","0.0","59.8","69.3","50.3"
"USC00047916","SANTA CRUZ, CA US","1988-11","112","0","11","8","0","0","0","0","0","5","0","36","0","0.0","0.86","79","639","310","4.45","0.0","54.7","64.0","45.3"
"USC00047916","SANTA CRUZ, CA US","1988-12","112","0","13","10","0","0","0","4","0","7","0","27","0","0.0","2.28","76","1134","495","7.72","0.0","49.0","59.7","38.3"
"USC00047916","SANTA CRUZ, CA US","1989-01","0","0","4","4","0","0","0","7","0","4","0","29","0","0.0","0.58","75","1644","510","1.36","0.0","48.5","60.9","36.2"
"USC00047916","SANTA CRUZ, CA US","1989-02","0","0","8","6","0","0","0","7","0","3","0","24","0","0.0","0.45","76","2098","454","1.52","0.0","48.8","59.9","37.7"
"USC00047916","SANTA CRUZ, CA US","1989-03","0","0","16","9","0","0","0","0","0","5","0","34","0","0.0","2.45","73","2395","297","7.00","0.0","55.4","64.8","46.0"
"USC00047916","SANTA CRUZ, CA US","1989-04","29","29","4","3","0","0","0","0","0","13","3","39","0","0.0","0.28","94","2605","209","0.72","0.0","59.0","70.2","47.7"
"USC00047916","SANTA CRUZ, CA US","1989-05","31","2","1","1","0","0","0","0","0","17","0","41","0","0.0","0.10","85","2798","193","0.10","0.0","58.8","71.2","46.5"
"USC00047916","SANTA CRUZ, CA US","1989-06","60","28","1","0","0","0","0","0","0","24","2","46","0","0.0","0.02","96","2872","74","0.02","0.0","63.5","74.9","52.1"
"USC00047916","SANTA CRUZ, CA US","1989-07","79","20","0","0","0","0","0","0","0","27","1","47","0","0.0","0.00","93","60","60","0.00","0.0","63.7","76.7","50.8"
"USC00047916","SANTA CRUZ, CA US","1989-08","85","5","1","0","0","0","0","0","0","19","0","47","0","0.0","0.07","85","158","99","0.07","0.0","62.0","70.9","53.1"
"USC00047916","SANTA CRUZ, CA US","1989-09","91","6","4","3","0","0","0","0","0","18","0","45","0","0.0","0.42","86","268","110","0.87","0.0","61.6","71.0","52.1"
"USC00047916","SANTA CRUZ, CA US","1989-10","100","9","3","3","0","0","0","0","0","13","0","40","0","0.0","1.53","89","456","188","2.19","0.0","59.2","70.6","47.8"
"USC00047916","SANTA CRUZ, CA US","1989-11","100","0","3","1","0","0","0","0","0","11","0","33","0","0.0","1.06","83","741","285","1.12","0.0","55.5","68.8","42.2"
"USC00047916","SANTA CRUZ, CA US","1989-12","100","0","1","0","0","0","0","7","0","9","0","30","0","0.0","0.05","80","1138","398","0.05","0.0","52.2","68.0","36.4"
"USC00047916","SANTA CRUZ, CA US","1990-01","0","0","8","7","0","0","0","3","0","3","0","29","0","0.0","0.69","74","1593","455","2.64","0.0","50.3","61.8","38.9"
"USC00047916","SANTA CRUZ, CA US","1990-02","0","0","7","5","0","0","0","6","0","3","0","25","0","0.0","1.37","78","2031","437","3.33","0.0","49.4","60.5","38.2"
"USC00047916","SANTA CRUZ, CA US","1990-03","0","0","7","5","0","0","0","0","0","5","0","33","0","0.0","1.58","77","2393","362","2.65","0.0","52.9","63.5","42.3"
"USC00047916","SANTA CRUZ, CA US","1990-04","1","1","2","1","0","0","0","0","0","15","0","39","0","0.0","0.38","83","2573","180","0.43","0.0","59.1","70.2","47.9"
"USC00047916","SANTA CRUZ, CA US","1990-05","4","2","7","5","0","0","0","0","0","8","0","42","0","0.0","1.25","84","2782","209","4.11","0.0","58.3","67.7","49.0"
"USC00047916","SANTA CRUZ, CA US","1990-06","18","15","1","0","0","0","0","0","0","27","0","44","0","0.0","0.03","85","2847","65","0.03","0.0","63.3","76.1","50.5"
"USC00047916","SANTA CRUZ, CA US","1990-07","48","29","0","0","0","0","0","0","0","27","0","46","0","0.0","0.00","84","30","30","0.00","0.0","65.0","75.6","54.4"
"USC00047916","SANTA CRUZ, CA US","1990-08","82","34","0","0","0","0","0","0","0","27","0","50","0","0.0","0.00","87","57","27","0.00","0.0","65.2","74.7","55.7"
"USC00047916","SANTA CRUZ, CA US","1990-09","93","11","1","1","0","0","0","0","0","28","0","43","0","0.0","0.21","84","96","39","0.21","0.0","64.1","76.6","51.6"
"USC00047916","SANTA CRUZ, CA US","1990-10","100","6","2","1","0","0","0","0","0","21","0","41","0","0.0","0.65","89","228","132","0.67","0.0","60.9","73.9","48.0"
"USC00047916","SANTA CRUZ, CA US","1990-11","100","0","2","1","0","0","0","0","0","8","0","33","0","0.0","0.42","81","543","315","0.47","0.0","54.5","67.5","41.5"
"USC00047916","SANTA CRUZ, CA US","1990-12","100","0","5","4","0","0","0","14","0","2","0","19","0","0.0","0.64","73","1145","602","1.65","0.0","45.6","58.4","32.7"
"USC00047916","SANTA CRUZ, CA US","1991-01","0","0","3","2","0","0","0","6","0","1","0","30","0","0.0","0.51","70","1622","477","0.81","0.0","49.6","60.8","38.4"
"USC00047916","SANTA CRUZ, CA US","1991-02","0","0","5","4","0","0","0","0","0","7","0","36","0","0.0","1.98","77","1905","283","4.92","0.0","54.9","66.4","43.4"
"USC00047916","SANTA CRUZ, CA US","1991-03","0","0","19","15","0","0","0","0","0","1","0","34","0","0.0","2.09","70","2373","468","10.60","0.0","49.9","58.4","41.5"
"USC00047916","SANTA CRUZ, CA US","1991-04","0","0","3","2","0","0","0","0","0","10","0","38","0","0.0","0.62","78","2678","305","0.80","0.0","54.8","67.3","42.4"
"USC00047916","SANTA CRUZ, CA US","1991-05","0","0","2","0","0","0","0","0","0","12","0","41","0","0.0","0.04","80","2923","245","0.06","0.0","57.1","67.6","46.6"
"USC00047916","SANTA CRUZ, CA US","1991-06","9","9","2","1","0","0","0","0","0","13","1","42","0","0.0","0.21","90","3096","172","0.26","0.0","59.6","69.0","50.1"
"USC00047916","SANTA CRUZ, CA US","1991-07","22","13","1","0","0","0","0","0","0","15","1","52","0","0.0","0.02","96","88","88","0.02","0.0","62.6","70.3","54.9"
"USC00047916","SANTA CRUZ, CA US","1991-08","66","43","2","0","0","0","0","0","0","27","1","50","0","0.0","0.03","92","116","28","0.04","0.0","65.5","75.7","55.3"
"USC00047916","SANTA CRUZ, CA US","1991-09","73","7","2","0","0","0","0","0","0","19","0","50","0","0.0","0.04","83","191","75","0.06","0.0","62.7","71.8","53.6"
"USC00047916","SANTA CRUZ, CA US","1991-10","85","13","2","2","0","0","0","0","0","18","1","37","0","0.0","1.99","91","320","129","2.26","0.0","61.2","72.5","50.0"
"USC00047916","SANTA CRUZ, CA US","1991-11","85","0","3","2","0","0","0","0","0","11","0","34","0","0.0","1.39","79","592","272","1.51","0.0","55.9","67.5","44.3"
"USC00047916","SANTA CRUZ, CA US","1991-12","85","0","6","4","0","0","0","0","0","2","0","33","0","0.0","2.49","72","1036","444","4.25","0.0","50.7","62.2","39.2"
"USC00047916","SANTA CRUZ, CA US","1992-01","0","0","4","4","0","0","0","2","0","2","0","31","0","0.0","1.74","72","1483","447","3.19","0.0","50.6","62.7","38.5"
"USC00047916","SANTA CRUZ, CA US","1992-02","0","0","17","12","0","0","0","0","0","6","0","34","0","0.0","2.59","79","1758","275","11.10","0.0","55.5","65.1","46.0"
"USC00047916","SANTA CRUZ, CA US","1992-03","0","0","14","11","0","0","0","0","0","1","0","42","0","0.0","0.96","73","2029","272","4.35","0.0","56.2","64.6","47.9"
"USC00047916","SANTA CRUZ, CA US","1992-04","6","6","2","1","0","0","0","0","0","21","0","42","0","0.0","0.23","86","2153","123","0.28","0.0","61.1","72.8","49.4"
"USC00047916","SANTA CRUZ, CA US","1992-05","17","10","0","0","0","0","0","0","0","18","0","46","0","0.0","0.00","87","2261","108","0.00","0.0","61.8","71.2","52.5"
"USC00047916","SANTA CRUZ, CA US","1992-06","24","7","2","1","0","0","0","0","0","22","0","46","0","0.0","0.53","77","2332","71","0.55","0.0","62.9","71.6","54.1"
"USC00047916","SANTA CRUZ, CA US","1992-07","84","60","0","0","0","0","0","0","0","30","0","51","0","0.0","0.00","83","7","7","0.00","0.0","66.7","76.5","56.9"
"USC00047916","SANTA CRUZ, CA US","1992-08","117","33","1","0","0","0","0","0","0","30","0","48","0","0.0","0.02","85","32","25","0.02","0.0","65.3","75.6","54.9"
"USC00047916","SANTA CRUZ, CA US","1992-09","132","14","0","0","0","0","0","0","0","25","0","46","0","0.0","0.00","84","83","51","0.00","0.0","63.8","74.4","53.2"
"USC00047916","SANTA CRUZ, CA US","1992-10","149","17","4","3","0","0","0","0","0","21","2","46","0","0.0","0.77","91","168","85","1.19","0.0","62.8","73.5","52.1"
"USC00047916","SANTA CRUZ, CA US","1992-11","149","0","2","1","0","0","0","1","0","10","0","32","0","0.0","0.19","77","439","271","0.23","0.0","56.0","67.8","44.1"
"USC00047916","SANTA CRUZ, CA US","1992-12","149","0","13","12","0","0","0","2","0","0","0","30","0","0.0","1.15","68","923","484","7.10","0.0","49.4","58.9","39.9"
"USC00047916","SANTA CRUZ, CA US","1993-01","0","0","18","16","0","0","0","4","0","4","0","27","0","0.0","2.44","76","1419","496","13.85","0.0","49.0","58.0","40.0"
"USC00047916","SANTA CRUZ, CA US","1993-02","0","0","17","13","0","0","0","0","0","1","0","35","0","0.0","1.75","70","1811","392","8.02","0.0","51.0","59.8","42.2"
"USC00047916","SANTA CRUZ, CA US","1993-03","0","0","10","6","0","0","0","0","0","9","0","39","0","0.0","0.99","78","2056","245","3.44","0.0","57.1","66.7","47.5"
"USC00047916","SANTA CRUZ, CA US","1993-04","0","0","5","3","0","0","0","0","0","11","0","39","0","0.0","1.05","80","2282","226","1.37","0.0","57.5","68.8","46.1"
"USC00047916","SANTA CRUZ, CA US","1993-05","4","4","7","4","0","0","0","0","0","19","0","42","0","0.0","0.38","89","2416","133","0.94","0.0","60.9","70.5","51.2"
"USC00047916","SANTA CRUZ, CA US","1993-06","37","33","3","1","0","0","0","0","0","25","1","46","0","0.0","0.42","97","2478","63","0.56","0.0","64.0","75.9","52.1"
"USC00047916","SANTA CRUZ, CA US","1993-07","54","17","0","0","0","0","0","0","0","17","1","50","0","0.0","0.00","99","86","86","0.00","0.0","62.8","71.9","53.7"
"USC00047916","SANTA CRUZ, CA US","1993-08","87","34","0","0","0","0","0","0","0","26","1","49","0","0.0","0.00","94","120","34","0.00","0.0","65.0","74.6","55.4"
"USC00047916","SANTA CRUZ, CA US","1993-09","105","18","0","0","0","0","0","0","0","20","2","44","0","0.0","0.00","92","208","88","0.00","0.0","62.6","73.7","51.6"
"USC00047916","SANTA CRUZ, CA US","1993-10","114","8","4","3","0","0","0","0","0","17","0","44","0","0.0","0.24","87","310","102","0.61","0.0","62.0","72.9","51.0"
"USC00047916","SANTA CRUZ, CA US","1993-11","114","0","6","4","0","0","0","1","0","9","0","32","0","0.0","1.56","81","624","314","2.73","0.0","54.5","66.6","42.5"
"USC00047916","SANTA CRUZ, CA US","1993-12","114","0","6","4","0","0","0","4","0","0","0","31","0","0.0","1.54","68","1063","438","4.00","0.0","50.8","62.0","39.7"
"USC00047916","SANTA CRUZ, CA US","1994-01","0","0","6","5","0","0","0","0","0","4","0","33","0","0.0","1.02","77","1451","389","2.59","0.0","52.5","64.8","40.1"
"USC00047916","SANTA CRUZ, CA US","1994-02","0","0","11","9","0","0","0","1","0","1","0","30","0","0.0","2.53","70","1864","413","8.18","0.0","50.3","60.3","40.2"
"USC00047916","SANTA CRUZ, CA US","1994-03","0","0","5","3","0","0","0","0","0","9","0","34","0","0.0","0.33","81","2135","271","0.74","0.0","56.2","68.1","44.4"
"USC00047916","SANTA CRUZ, CA US","1994-04","0","0","5","5","0","0","0","0","0","11","0","41","0","0.0","0.60","79","2384","248","1.82","0.0","56.7","67.5","46.0"
"USC00047916","SANTA CRUZ, CA US","1994-05","0","0","3","2","0","0","0","0","0","7","0","45","0","0.0","1.22","78","2575","191","1.98","0.0","58.6","67.6","49.6"
"USC00047916","SANTA CRUZ, CA US","1994-06","11","11","0","0","0","0","0","0","0","26","1","45","0","0.0","0.00","94","2677","101","0.00","0.0","62.0","74.7","49.3"
"USC00047916","SANTA CRUZ, CA US","1994-07","13","2","0","0","0","0","0","0","0","7","0","49","0","0.0","0.00","80","131","131","0.00","0.0","60.8","68.0","53.7"
"USC00047916","SANTA CRUZ, CA US","1994-08","25","12","0","0","0","0","0","0","0","23","0","48","0","0.0","0.00","86","202","71","0.00","0.0","63.1","73.9","52.3"
"USC00047916","SANTA CRUZ, CA US","1994-09","38","14","1","0","0","0","0","0","0","21","1","47","0","0.0","0.06","92","264","61","0.06","0.0","63.4","73.4","53.5"
"USC00047916","SANTA CRUZ, CA US","1994-10","49","11","3","1","0","0","0","0","0","17","1","41","0","0.0","0.32","90","435","171","0.36","0.0","59.8","71.7","48.0"
"USC00047916","SANTA CRUZ, CA US","1994-11","49","0","12","9","0","0","0","2","0","1","0","32","0","0.0","1.38","71","898","462","4.89","0.0","49.6","59.6","39.5"
"USC00047916","SANTA CRUZ, CA US","1994-12","49","0","12","5","0","0","0","4","0","2","0","29","0","0.0","1.05","70","1387","489","3.24","0.0","49.2","59.4","39.0"
"USC00047916","SANTA CRUZ, CA US","1995-01","0","0","25","21","0","0","0","0","0","1","0","35","0","0.0","2.94","75","1734","347","17.56","0.0","53.0","58.9","47.0"
"USC00047916","SANTA CRUZ, CA US","1995-02","2","2","5","1","0","0","0","0","0","7","0","33","0","0.0","0.25","84","1984","250","0.47","0.0","56.1","65.4","46.9"
"USC00047916","SANTA CRUZ, CA US","1995-03","2","0","18","15","0","0","0","0","0","3","0","37","0","0.0","1.65","74","2322","338","8.49","0.0","54.1","62.7","45.5"
"USC00047916","SANTA CRUZ, CA US","1995-04","2","0","10","7","0","0","0","0","0","8","0","37","0","0.0","2.61","80","2596","273","5.13","0.0","55.9","65.6","46.1"
"USC00047916","SANTA CRUZ, CA US","1995-05","2","0","8","2","0","0","0","0","0","5","0","43","0","0.0","0.78","74","2832","236","1.34","0.0","57.4","65.2","49.5"
"USC00047916","SANTA CRUZ, CA US","1995-06","18","16","3","2","0","0","0","0","0","17","1","44","0","0.0","0.98","91","2943","110","1.54","0.0","61.8","72.4","51.3"
"USC00047916","SANTA CRUZ, CA US","1995-07","57","39","0","0","0","0","0","0","0","29","1","50","0","0.0","0.00","92","14","14","0.00","0.0","65.9","76.8","54.9"
"USC00047916","SANTA CRUZ, CA US","1995-08","76","19","0","0","0","0","0","0","0","28","1","47","0","0.0","0.00","92","55","41","0.00","0.0","64.3","75.3","53.3"
"USC00047916","SANTA CRUZ, CA US","1995-09","98","22","0","0","0","0","0","0","0","26","1","49","0","0.0","0.00","94","101","46","0.00","0.0","64.2","75.7","52.6"
"USC00047916","SANTA CRUZ, CA US","1995-10","119","20","0","0","0","0","0","0","0","21","1","42","0","0.0","0.00","91","225","123","0.00","0.0","61.7","73.3","50.1"
"USC00047916","SANTA CRUZ, CA US","1995-11","119","0","1","1","0","0","0","0","0","13","0","43","0","0.0","0.19","79","423","198","0.19","0.0","58.4","69.7","47.1"
"USC00047916","SANTA CRUZ, CA US","1995-12","119","0","8","8","0","0","0","0","0","1","0","37","0","0.0","2.68","72","779","356","6.54","0.0","53.5","62.3","44.8"
"USC00047916","SANTA CRUZ, CA US","1996-01","0","0","12","10","0","0","0","0","0","6","0","34","0","0.0","2.52","75","1159","380","8.40","0.0","52.7","62.5","43.0"
"USC00047916","SANTA CRUZ, CA US","1996-02","0","0","17","12","0","0","0","1","0","7","0","32","0","0.0","2.51","81","1448","289","9.20","0.0","55.0","63.0","47.0"
"USC00047916","SANTA CRUZ, CA US","1996-03","0","0","8","7","0","0","0","0","0","6","0","35","0","0.0","1.56","78","1742","294","3.15","0.0","55.5","66.4","44.7"
"USC00047916","SANTA CRUZ, CA US","1996-04","13","13","7","3","0","0","0","0","0","14","0","40","0","0.0","0.77","89","1937","195","1.59","0.0","58.9","71.2","46.7"
"USC00047916","SANTA CRUZ, CA US","1996-05","25","12","6","4","0","0","0","0","0","20","0","42","0","0.0","1.25","86","2096","159","2.44","0.0","60.3","71.1","49.4"
"USC00047916","SANTA CRUZ, CA US","1996-06","52","27","0","0","0","0","0","0","0","19","2","46","0","0.0","0.00","98","2208","111","0.00","0.0","62.2","73.6","50.8"
"USC00047916","SANTA CRUZ, CA US","1996-07","76","24","0","0","0","0","0","0","0","25","1","47","0","0.0","0.00","94","55","55","0.00","0.0","64.0","73.8","54.2"
"USC00047916","SANTA CRUZ, CA US","1996-08","93","17","0","0","0","0","0","0","0","20","0","48","0","0.0","0.00","86","127","72","0.00","0.0","63.2","73.2","53.2"
"USC00047916","SANTA CRUZ, CA US","1996-09","106","13","0","0","0","0","0","0","0","16","0","47","0","0.0","0.00","88","231","104","0.00","0.0","62.0","72.3","51.6"
"USC00047916","SANTA CRUZ, CA US","1996-10","142","36","4","2","0","0","0","0","0","16","3","39","0","0.0","2.11","99","423","192","2.44","0.0","60.0","71.8","48.1"
"USC00047916","SANTA CRUZ, CA US","1996-11","142","0","8","7","0","0","0","0","0","5","0","37","0","0.0","4.13","79","719","295","7.33","0.0","55.1","64.7","45.6"
"USC00047916","SANTA CRUZ, CA US","1996-12","142","0","17","14","0","0","0","0","0","1","0","34","0","0.0","3.26","70","1096","377","13.74","0.0","52.8","60.2","45.4"
"USC00047916","SANTA CRUZ, CA US","1997-01","0","0","14","12","0","0","0","1","0","0","0","29","0","0.0","1.89","68","1504","408","10.12","0.0","51.8","59.7","44.0"
"USC00047916","SANTA CRUZ, CA US","1997-02","0","0","3","2","0","0","0","0","0","3","0","37","0","0.0","0.17","76","1827","323","0.29","0.0","53.5","64.6","42.3"
"USC00047916","SANTA CRUZ, CA US","1997-03","0","0","3","3","0","0","0","0","0","8","0","33","0","0.0","0.71","79","2139","312","1.26","0.0","54.9","66.5","43.4"
"USC00047916","SANTA CRUZ, CA US","1997-04","4","4","3","1","0","0","0","0","0","14","0","38","0","0.0","0.68","79","2340","201","0.70","0.0","58.4","70.3","46.6"
"USC00047916","SANTA CRUZ, CA US","1997-05","50","47","1","0","0","0","0","0","0","28","1","41","0","0.0","0.07","94","2430","90","0.07","0.0","63.6","76.1","51.2"
"USC00047916","SANTA CRUZ, CA US","1997-06","54","4","3","1","0","0","0","0","0","26","0","45","0","0.0","0.13","78","2523","93","0.19","0.0","62.0","72.7","51.3"
"USC00047916","SANTA CRUZ, CA US","1997-07","60","6","0","0","0","0","0","0","0","18","0","49","0","0.0","0.00","86","69","69","0.00","0.0","63.0","71.4","54.5"
"USC00047916","SANTA CRUZ, CA US","1997-08","129","69","2","1","0","0","0","0","0","30","0","50","0","0.0","0.42","88","90","21","0.45","0.0","66.5","77.0","56.1"
"USC00047916","SANTA CRUZ, CA US","1997-09","209","80","1","0","0","0","0","0","0","30","2","49","0","0.0","0.01","93","93","3","0.01","0.0","67.5","80.3","54.8"
"USC00047916","SANTA CRUZ, CA US","1997-10","222","13","3","2","0","0","0","0","0","18","0","42","0","0.0","0.23","89","232","139","0.47","0.0","60.9","72.8","49.1"
"USC00047916","SANTA CRUZ, CA US","1997-11","233","11","13","11","0","0","0","0","0","5","0","42","0","0.0","2.38","88","471","239","9.60","0.0","57.4","65.9","48.9"
"USC00047916","SANTA CRUZ, CA US","1997-12","233","0","5","4","0","0","0","3","0","1","0","29","0","0.0","2.23","72","886","415","3.67","0.0","51.6","61.6","41.6"
"USC00047916","SANTA CRUZ, CA US","1998-01","0","0","21","14","0","0","0","0","0","0","0","34","0","0.0","3.23","67","1260","374","15.58","0.0","52.9","59.8","46.1"
"USC00047916","SANTA CRUZ, CA US","1998-02","0","0","23","18","0","0","0","0","0","0","0","37","0","0.0","2.89","65","1639","379","18.63","0.0","51.5","57.9","45.0"
"USC00047916","SANTA CRUZ, CA US","1998-03","0","0","10","8","0","0","0","0","0","2","0","35","0","0.0","1.21","75","1960","321","4.68","0.0","54.7","63.5","45.8"
"USC00047916","SANTA CRUZ, CA US","1998-04","0","0","10","8","0","0","0","0","0","7","0","37","0","0.0","1.03","82","2252","292","3.11","0.0","55.3","64.8","45.8"
"USC00047916","SANTA CRUZ, CA US","1998-05","0","0","10","8","0","0","0","0","0","8","0","42","0","0.0","1.24","74","2500","249","3.87","0.0","57.0","65.3","48.6"
"USC00047916","SANTA CRUZ, CA US","1998-06","3","2","2","1","0","0","0","0","0","11","0","49","0","0.0","0.13","79","2610","110","0.14","0.0","61.4","68.8","54.1"
"USC00047916","SANTA CRUZ, CA US","1998-07","17","14","0","0","0","0","0","0","0","21","0","51","0","0.0","0.00","84","56","56","0.00","0.0","63.6","72.1","55.2"
"USC00047916","SANTA CRUZ, CA US","1998-08","43","26","0","0","0","0","0","0","0","25","1","49","0","0.0","0.00","91","98","42","0.00","0.0","64.5","74.2","54.8"
"USC00047916","SANTA CRUZ, CA US","1998-09","70","27","3","0","0","0","0","0","0","18","1","49","0","0.0","0.05","91","174","76","0.08","0.0","63.4","71.7","55.1"
"USC00047916","SANTA CRUZ, CA US","1998-10","70","0","1","1",,"0","0","0","0","16","0","41",,"0.0","0.88","82","382","207","0.88","0.0","58.3","69.8","46.8"
"USC00047916","SANTA CRUZ, CA US","1998-11","70","0","14","12","0","0","0","0","0","0","0","37","0","0.0","1.33","68","737","355","5.30","0.0","53.2","61.6","44.8"
"USC00047916","SANTA CRUZ, CA US","1998-12","70","0","6","4","0","0","0","9","0","2","0","25","0","0.0","0.58","73","1294","557","1.74","0.0","47.0","57.3","36.7"
"USC00047916","SANTA CRUZ, CA US","1999-01","0","0","9","9","0","0","0","1","0","2","0","32","0","0.0","2.04","70","1751","457","7.44","0.0","50.3","60.1","40.4"
"USC00047916","SANTA CRUZ, CA US","1999-02","0","0","12","10","0","0","0","2","0","0","0","30","0","0.0","4.58","68","2181","431","10.65","0.0","49.6","58.9","40.3"
"USC00047916","SANTA CRUZ, CA US","1999-03","0","0","13","8","0","0","0","0","0","0","0","34","0","0.0","1.16","69","2624","443","4.08","0.0","50.7","59.6","41.8"
"USC00047916","SANTA CRUZ, CA US","1999-04","3","3","7","4","0","0","0","0","0","10","0","33","0","0.0","1.10","81","2948","324","2.97","0.0","54.3","64.7","43.9"
"USC00047916","SANTA CRUZ, CA US","1999-05","3","0","2","0","0","0","0","0","0","4","0","39","0","0.0","0.03","74","3224","276","0.04","0.0","56.1","66.0","46.2"
"USC00047916","SANTA CRUZ, CA US","1999-06","3","0","2","2","0","0","0","0","0","10","0","42","0","0.0","0.18","76","3423","199","0.34","0.0","58.4","67.3","49.4"
"USC00047916","SANTA CRUZ, CA US","1999-07","10","7","0","0","0","0","0","0","0","18","0","45","0","0.0","0.00","81","90","90","0.00","0.0","62.3","71.7","52.9"
"USC00047916","SANTA CRUZ, CA US","1999-08","15","5","1","0","0","0","0","0","0","24","0","48","0","0.0","0.02","79","139","48","0.02","0.0","63.6","72.7","54.5"
"USC00047916","SANTA CRUZ, CA US","1999-09","21","6","1","1","0","0","0","0","0","10","0","46","0","0.0","0.18","83","259","121","0.18","0.0","61.2","69.1","53.3"
"USC00047916","SANTA CRUZ, CA US","1999-10","35","14","2","1","0","0","0","0","0","18","0","43","0","0.0","0.28","87","408","149","0.29","0.0","60.7","72.3","49.0"
"USC00047916","SANTA CRUZ, CA US","1999-11","35","0","8","6","0","0","0","0","0","3","0","38","0","0.0","1.46","79","711","303","3.41","0.0","54.9","63.4","46.4"
"USC00047916","SANTA CRUZ, CA US","1999-12","35","0","5","2","0","0","0","0","0","2","0","34","0","0.0","0.40","73","1150","439","0.78","0.0","50.8","62.7","39.0"
"USC00047916","SANTA CRUZ, CA US","2000-01","0","0","14","10","0","0","0","0","0","0","0","33","0","0.0","3.22","65","1584","434","11.86","0.0","51.0","58.4","43.6"
"USC00047916","SANTA CRUZ, CA US","2000-02","0","0","20","15","0","0","0","0","0","1","0","36","0","0.0","4.34","71","1930","346","14.06","0.0","53.1","59.5","46.7"
"USC00047916","SANTA CRUZ, CA US","2000-03","0","0","5","3","0","0","0","0","0","5","0","38","0","0.0","1.13","79","2269","339","2.41","0.0","54.0","64.6","43.5"
"USC00047916","SANTA CRUZ, CA US","2000-04","0","0","6","4","0","0","0","0","0","10","0","41","0","0.0","1.08","80","2488","219","1.60","0.0","57.7","68.5","46.9"
"USC00047916","SANTA CRUZ, CA US","2000-05","13","13","5","3","0","0","0","0","0","20","1","43","0","0.0","0.69","93","2634","146","1.27","0.0","60.7","71.2","50.2"
"USC00047916","SANTA CRUZ, CA US","2000-06","30","16","1","1","0","0","0","0","0","17","1","45","0","0.0","0.19","90","2736","103","0.19","0.0","62.1","70.9","53.3"
"USC00047916","SANTA CRUZ, CA US","2000-07","31","1","0","0","0","0","0","0","0","17","0","46","0","0.0","0.00","77","111","111","0.00","0.0","61.4","70.7","52.2"
"USC00047916","SANTA CRUZ, CA US","2000-08","33","2","2","1","0","0","0","0","0","20","0","48","0","0.0","0.20","79","197","86","0.22","0.0","62.3","71.5","53.1"
"USC00047916","SANTA CRUZ, CA US","2000-09","59","26","4","1","0","0","0","0","0","21","1","48","0","0.0","0.17","93","273","76","0.31","0.0","63.3","73.8","52.9"
"USC00047916","SANTA CRUZ, CA US","2000-10","60","0","12","8","0","0","0","0","0","7","0","43","0","0.0","2.58","79","480","207","4.83","0.0","58.3","66.1","50.6"
"USC00047916","SANTA CRUZ, CA US","2000-11","60","0","7","4","0","0","0","0","0","1","0","33","0","0.0","0.64","70","908","428","1.28","0.0","50.7","60.8","40.6"
"USC00047916","SANTA CRUZ, CA US","2000-12","60","0","6","3","0","0","0","0","0","3","0","35","0","0.0","0.46","71","1291","382","1.04","0.0","52.7","63.3","42.0"
"USC00047916","SANTA CRUZ, CA US","2001-01","0","0","10","8","0","0","0","3","0","3","0","30","0","0.0","1.29","74","1788","497","5.92","0.0","49.0","59.4","38.6"
"USC00047916","SANTA CRUZ, CA US","2001-02","0","0","12","12","0","0","0","0","0","3","0","34","0","0.0","1.20","77","2194","406","7.00","0.0","50.5","58.8","42.2"
"USC00047916","SANTA CRUZ, CA US","2001-03","0","0","5","5","0","0","0","0","0","5","0","36","0","0.0","1.41","78","2493","299","3.29","0.0","55.4","64.7","46.1"
"USC00047916","SANTA CRUZ, CA US","2001-04","0","0","8","3","0","0","0","0","0","3","0","34","0","0.0","0.79","78","2843","350","1.77","0.0","53.3","63.4","43.2"
"USC00047916","SANTA CRUZ, CA US","2001-05","18","18","0","0","0","0","0","0","0","19","1","45","0","0.0","0.00","92","2982","139","0.00","0.0","61.1","71.6","50.6"
"USC00047916","SANTA CRUZ, CA US","2001-06","24","5","1","1","0","0","0","0","0","25","0","45","0","0.0","0.10","84","3063","81","0.10","0.0","62.5","73.8","51.1"
"USC00047916","SANTA CRUZ, CA US","2001-07","31","8","0","0","0","0","0","0","0","10","0","50","0","0.0","0.00","81","102","102","0.00","0.0","62.0","69.3","54.6"
"USC00047916","SANTA CRUZ, CA US","2001-08","39","7","1","0","0","0","0","0","0","22","0","47","0","0.0","0.02","80","190","88","0.02","0.0","62.4","71.7","53.1"
"USC00047916","SANTA CRUZ, CA US","2001-09","44","6","1","1","0","0","0","0","0","13","0","48","0","0.0","0.20","88","310","120","0.20","0.0","61.2","69.5","52.9"
"USC00047916","SANTA CRUZ, CA US","2001-10","45","0","1","1","0","0","0","0","0","9","0","45","0","0.0","0.70","82","478","168","0.70","0.0","59.6","68.0","51.2"
"USC00047916","SANTA CRUZ, CA US","2001-11","45","0","9","6","0","0","0","0","0","3","0","38","0","0.0","2.92","75","773","295","6.28","0.0","55.1","63.0","47.3"
"USC00047916","SANTA CRUZ, CA US","2001-12","45","0","16","15","0","0","0","0","0","0","0","36","0","0.0","1.91","67","1228","454","11.07","0.0","50.3","57.2","43.5"
"USC00047916","SANTA CRUZ, CA US","2002-01","0","0","9","3","0","0","0","9","0","0","0","28","0","0.0","2.43","69","1778","550","3.73","0.0","47.3","56.8","37.7"
"USC00047916","SANTA CRUZ, CA US","2002-02","0","0","5","5","0","0","0","1","0","7","0","32","0","0.0","0.95","77","2126","348","2.28","0.0","52.6","63.3","41.8"
"USC00047916","SANTA CRUZ, CA US","2002-03","0","0","7","6","0","0","0","0","0","2","0","33","0","0.0","0.78","71","2529","403","3.52","0.0","52.0","61.9","42.1"
"USC00047916","SANTA CRUZ, CA US","2002-04","0","0","4","2","0","0","0","0","0","4","0","38","0","0.0","0.17","80","2823","294","0.35","0.0","55.2","63.1","47.3"
"USC00047916","SANTA CRUZ, CA US","2002-05","4","4","3","2","0","0","0","0","0","5","0","40","0","0.0","0.62","82","3074","250","0.81","0.0","57.1","67.0","47.1"
"USC00047916","SANTA CRUZ, CA US","2002-06","12","8","0","0","0","0","0","0","0","17","0","46","0","0.0","0.00","84","3186","112","0.00","0.0","61.5","71.7","51.4"
"USC00047916","SANTA CRUZ, CA US","2002-07","18","6","1","0","0","0","0","0","0","16","0","49","0","0.0","0.01","86","101","101","0.01","0.0","61.9","70.4","53.5"
"USC00047916","SANTA CRUZ, CA US","2002-08","33","15","2","0","0","0","0","0","0","14","2","47","0","0.0","0.02","92","203","102","0.04","0.0","62.2","70.4","54.0"
"USC00047916","SANTA CRUZ, CA US","2002-09","45","12","0","0","0","0","0","0","0","20","0","46","0","0.0","0.00","89","296","93","0.00","0.0","62.3","72.3","52.2"
"USC00047916","SANTA CRUZ, CA US","2002-10","60","14","0","0","0","0","0","0","0","8","0","39","0","0.0","0.00","88","509","212","0.00","0.0","58.6","67.6","49.5"
"USC00047916","SANTA CRUZ, CA US","2002-11","60","0","4","4","0","0","0","0","0","9","0","38","0","0.0","2.88","83","772","263","4.27","0.0","56.2","66.6","45.8"
"USC00047916","SANTA CRUZ, CA US","2002-12","60","0","17","16","0","0","0","0","0","0","0","36","0","0.0","3.59","67","1193","421","15.22","0.0","51.4","58.4","44.4"
"USC00047916","SANTA CRUZ, CA US","2003-01","0","0","5","2","0","0","0","0","0","5","0","38","0","0.0","1.57","75","1487","294","1.85","0.0","55.5","64.7","46.4"
"USC00047916","SANTA CRUZ, CA US","2003-02","0","0","8","5","0","0","0","1","0","0","0","32","0","0.0","0.55","68","1849","362","1.86","0.0","52.1","62.4","41.8"
"USC00047916","SANTA CRUZ, CA US","2003-03","0","0","6","3","0","0","0","0","0","4","0","36","0","0.0","0.65","79","2172","323","1.47","0.0","54.6","65.3","43.9"
"USC00047916","SANTA CRUZ, CA US","2003-04","0","0","13","9","0","0","0","0","0","2","0","37","0","0.0","1.01","73","2511","339","3.50","0.0","53.7","62.5","44.9"
"USC00047916","SANTA CRUZ, CA US","2003-05","6","6","6","2","0","0","0","0","0","12","0","39","0","0.0","0.41","84","2698","187","0.90","0.0","59.2","69.1","49.2"
"USC00047916","SANTA CRUZ, CA US","2003-06","24","18","2","0","0","0","0","0","0","16","1","47","0","0.0","0.04","92","2812","114","0.07","0.0","61.8","70.5","53.1"
"USC00047916","SANTA CRUZ, CA US","2003-07","25","1","0","0","0","0","0","0","0","23","0","49","0","0.0","0.00","80","59","59","0.00","0.0","63.1","72.6","53.7"
"USC00047916","SANTA CRUZ, CA US","2003-08","84","59","1","0","0","0","0","0","0","27","0","52","0","0.0","0.01","85","74","15","0.01","0.0","66.5","76.4","56.7"
"USC00047916","SANTA CRUZ, CA US","2003-09","137","53","0","0","0","0","0","0","0","19","3","50","0","0.0","0.00","94","130","56","0.00","0.0","64.9","75.3","54.5"
"USC00047916","SANTA CRUZ, CA US","2003-10","161","24","1","1","0","0","0","0","0","22","0","43","0","0.0","0.31","88","248","117","0.31","0.0","62.0","73.9","50.1"
"USC00047916","SANTA CRUZ, CA US","2003-11","161","0","8","5","0","0","0","1","0","1","0","32","0","0.0","1.73","73","605","357","3.38","0.0","53.1","62.0","44.2"
"USC00047916","SANTA CRUZ, CA US","2003-12","161","0","18","16","0","0","0","2","0","0","0","32","0","0.0","2.34","67","1026","421","9.93","0.0","51.4","58.5","44.3"
"USC00047916","SANTA CRUZ, CA US","2004-01","0","0","12","5","0","0","0","3","0","0","0","31","0","0.0","1.84","67","1498","472","3.27","0.0","49.8","58.1","41.5"
"USC00047916","SANTA CRUZ, CA US","2004-02","0","0","12","9","0","0","0","0","0","0","0","35","0","0.0","1.03","67","1897","399","5.64","0.0","51.2","59.6","42.9"
"USC00047916","SANTA CRUZ, CA US","2004-03","4","4","3","3","0","0","0","0","0","13","0","41","0","0.0","0.81","84","2097","200","1.34","0.0","58.7","70.2","47.2"
"USC00047916","SANTA CRUZ, CA US","2004-04","30","25","1","1","0","0","0","0","0","8","2","40","0","0.0","0.43","92","2344","247","0.43","0.0","57.6","68.1","47.2"
"USC00047916","SANTA CRUZ, CA US","2004-05","31","1","1","0","0","0","0","0","0","21","0","44","0","0.0","0.09","85","2489","145","0.09","0.0","60.3","71.8","48.9"
"USC00047916","SANTA CRUZ, CA US","2004-06","35","4","1","0","0","0","0","0","0","23","0","47","0","0.0","0.01","83","2582","93","0.01","0.0","62.1","72.2","51.9"
"USC00047916","SANTA CRUZ, CA US","2004-07","53","17","2","0","0","0","0","0","0","16","0","49","0","0.0","0.03","82","70","70","0.06","0.0","63.3","71.1","55.5"
"USC00047916","SANTA CRUZ, CA US","2004-08","75","22","0","0","0","0","0","0","0","23","1","50","0","0.0","0.00","91","105","35","0.00","0.0","64.6","73.2","56.0"
"USC00047916","SANTA CRUZ, CA US","2004-09","138","62","1","0","0","0","0","0","0","22","4","44","0","0.0","0.02","98","177","71","0.02","0.0","64.7","77.0","52.4"
"USC00047916","SANTA CRUZ, CA US","2004-10","146","8","8","6","0","0","0","0","0","9","0","42","0","0.0","2.68","89","369","193","5.81","0.0","59.1","68.1","50.0"
"USC00047916","SANTA CRUZ, CA US","2004-11","146","0","9","3","0","0","0","1","0","2","0","32","0","0.0","0.95","74","727","357","2.20","0.0","53.1","61.7","44.5"
"USC00047916","SANTA CRUZ, CA US","2004-12","146","0","9","8","0","0","0","2","0","1","0","31","0","0.0","3.55","74","1147","420","10.28","0.0","51.4","60.9","42.0"
"USC00047916","SANTA CRUZ, CA US","2005-01","0","0","12","9","0","0","0","0","0","2","0","33","0","0.0","1.17","75","1588","441","5.98","0.0","50.8","59.2","42.3"
"USC00047916","SANTA CRUZ, CA US","2005-02","0","0","14","9","0","0","0","0","0","0","0","38","0","0.0","1.66","69","1886","298","6.27","0.0","54.3","62.0","46.7"
"USC00047916","SANTA CRUZ, CA US","2005-03","0","0","11","9","0","0","0","0","0","6","0","41","0","0.0","3.11","79","2162","276","7.65","0.0","56.1","64.8","47.4"
"USC00047916","SANTA CRUZ, CA US","2005-04","0","0","7","5","0","0","0","0","0","3","0","40","0","0.0","0.98","74","2452","290","3.03","0.0","55.3","65.7","45.0"
"USC00047916","SANTA CRUZ, CA US","2005-05","0","0","5","4","0","0","0","0","0","13","0","43","0","0.0","0.61","80","2604","151","1.34","0.0","60.1","68.9","51.4"
"USC00047916","SANTA CRUZ, CA US","2005-06","1","1","3","2","0","0","0","0","0","16","0","45","0","0.0","0.88","78","2715","111","1.05","0.0","61.3","70.2","52.5"
"USC00047916","SANTA CRUZ, CA US","2005-07","20","18","1","0","0","0","0","0","0","15","0","51","0","0.0","0.01","82","66","66","0.01","0.0","63.4","71.2","55.7"
"USC00047916","SANTA CRUZ, CA US","2005-08","22","2","1","0","0","0","0","0","0","23","0","48","0","0.0","0.02","78","117","51","0.02","0.0","63.4","72.1","54.8"
"USC00047916","SANTA CRUZ, CA US","2005-09","26","5","1","0","0","0","0","0","0","15","0","46","0","0.0","0.01","85","234","117","0.01","0.0","61.3","70.8","51.7"
"USC00047916","SANTA CRUZ, CA US","2005-10","29","2","4","0","0","0","0","0","0","14","0","42","0","0.0","0.06","85","416","182","0.12","0.0","59.2","69.9","48.5"
"USC00047916","SANTA CRUZ, CA US","2005-11","34","5","7","3","0","0","0","0","0","9","0","38","0","0.0","1.22","85","647","231","1.86","0.0","57.5","68.1","46.8"
"USC00047916","SANTA CRUZ, CA US","2005-12","34","0","14","12","0","0","0","1","0","1","0","32","0","0.0","3.74","70","1045","398","12.62","0.0","52.2","59.5","44.9"
"USC00047916","SANTA CRUZ, CA US","2006-01","0","0","14","8","0","0","0","0","0","1","0","33","0","0.0","3.18","73","1486","441","6.38","0.0","50.8","59.5","42.1"
"USC00047916","SANTA CRUZ, CA US","2006-02","0","0","8","5","0","0","0","2","0","7","0","32","0","0.0","1.44","78","1841","355","2.76","0.0","52.3","63.4","41.2"
"USC00047916","SANTA CRUZ, CA US","2006-03","0","0","18","17","0","0","0","0","0","0","0","33","0","0.0","2.11","66","2308","467","10.99","0.0","49.9","57.4","42.5"
"USC00047916","SANTA CRUZ, CA US","2006-04","0","0","15","10","0","0","0","0","0","3","0","40","0","0.0","1.85","74","2616","308","7.00","0.0","54.7","61.9","47.5"
"USC00047916","SANTA CRUZ, CA US","2006-05","1","1","3","2","0","0","0","0","0","18","0","45","0","0.0","0.62","84","2778","161","0.78","0.0","59.8","69.4","50.3"
"USC00047916","SANTA CRUZ, CA US","2006-06","22","20","0","0","0","0","0","0","0","16","0","48","0","0.0","0.00","85","2861","83","0.00","0.0","62.9","71.9","54.0"
"USC00047916","SANTA CRUZ, CA US","2006-07","72","51","0","0","0","0","0","0","0","30","1","47","0","0.0","0.00","92","42","42","0.00","0.0","65.3","75.9","54.7"
"USC00047916","SANTA CRUZ, CA US","2006-08","83","11","0","0","0","0","0","0","0","16","1","51","0","0.0","0.00","91","134","93","0.00","0.0","62.4","70.7","54.0"
"USC00047916","SANTA CRUZ, CA US","2006-09","91","8","0","0","0","0","0","0","0","16","0","43","0","0.0","0.00","88","250","115","0.00","0.0","61.4","70.9","52.0"
"USC00047916","SANTA CRUZ, CA US","2006-10","91","0","2","1","0","0","0","0","0","14","0","43","0","0.0","0.13","82","416","166","0.14","0.0","59.6","70.4","48.9"
"USC00047916","SANTA CRUZ, CA US","2006-11","91","0","7","7","0","0","0","1","0","2","0","32","0","0.0","0.96","75","721","305","3.26","0.0","54.8","63.8","45.8"
"USC00047916","SANTA CRUZ, CA US","2006-12","91","0","12","6","0","0","0","3","0","1","0","29","0","0.0","1.56","72","1186","465","4.73","0.0","49.4","59.1","39.7"
"USC00047916","SANTA CRUZ, CA US","2007-01","0","0","6","3","0","0","0","10","0","1","0","26","0","0.0","0.30","71","1727","540","0.80","0.0","47.6","58.5","36.6"
"USC00047916","SANTA CRUZ, CA US","2007-02","0","0","12","12","0","0","0","0","0","3","0","35","0","0.0","1.32","76","2099","372","5.86","0.0","51.7","59.8","43.6"
"USC00047916","SANTA CRUZ, CA US","2007-03","0","0","3","2","0","0","0","0","0","8","0","33","0","0.0","0.15","84","2395","296","0.33","0.0","55.4","66.4","44.5"
"USC00047916","SANTA CRUZ, CA US","2007-04","0","0","4","4","0","0","0","0","0","8","0","39","0","0.0","0.99","82","2666","271","1.53","0.0","56.0","66.5","45.5"
"USC00047916","SANTA CRUZ, CA US","2007-05","6","6","2","2","0","0","0","0","0","9","0","42","0","0.0","0.39","87","2880","214","0.55","0.0","58.3","68.2","48.4"
"USC00047916","SANTA CRUZ, CA US","2007-06","18","12","0","0","0","0","0","0","0","22","0","45","0","0.0","0.00","87","2997","117","0.00","0.0","61.5","72.8","50.3"
"USC00047916","SANTA CRUZ, CA US","2007-07","50","31","0","0","0","0","0","0","0","22","0","49","0","0.0","0.00","85","55","55","0.00","0.0","64.2","74.4","54.1"
"USC00047916","SANTA CRUZ, CA US","2007-08","72","22","1","0","0","0","0","0","0","25","0","49","0","0.0","0.01","86","105","49","0.01","0.0","64.1","74.1","54.2"
"USC00047916","SANTA CRUZ, CA US","2007-09","95","23","1","1","0","0","0","0","0","22","0","44","0","0.0","0.38","89","189","85","0.38","0.0","62.9","73.7","52.1"
"USC00047916","SANTA CRUZ, CA US","2007-10","104","9","7","3","0","0","0","0","0","12","0","40","0","0.0","0.49","89","378","188","1.40","0.0","59.2","69.9","48.5"
"USC00047916","SANTA CRUZ, CA US","2007-11","104","0","1","1","0","0","0","0","0","5","0","35","0","0.0","0.54","81","678","300","0.54","0.0","55.0","65.1","45.0"
"USC00047916","SANTA CRUZ, CA US","2007-12","104","0","9","7","0","0","0","5","0","0","0","30","0","0.0","1.46","66","1194","516","3.83","0.0","48.3","57.6","39.1"
"USC00047916","SANTA CRUZ, CA US","2008-01","0","0","16","16","0","0","0","0","0","1","0","33","0","0.0","3.81","70","1718","524","12.17","0.0","48.1","56.2","40.0"
"USC00047916","SANTA CRUZ, CA US","2008-02","0","0","10","8","0","0","0","1","0","4","0","32","0","0.0","1.87","71","2127","408","6.10","0.0","50.9","60.5","41.3"
"USC00047916","SANTA CRUZ, CA US","2008-03","0","0","4","2","0","0","0","0","0","2","0","34","0","0.0","0.25","75","2489","362","0.51","0.0","53.3","65.2","41.5"
"USC00047916","SANTA CRUZ, CA US","2008-04","6","6","3","2","0","0","0","0","0","7","0","36","0","0.0","0.29","87","2778","289","0.48","0.0","55.6","67.7","43.4"
"USC00047916","SANTA CRUZ, CA US","2008-05","23","16","0","0","0","0","0","0","0","11","1","39","0","0.0","0.00","90","3002","225","0.00","0.0","58.3","68.9","47.7"
"USC00047916","SANTA CRUZ, CA US","2008-06","78","56","0","0","0","0","0","0","0","15","6","43","0","0.0","0.00","102","3137","135","0.00","0.0","62.4","74.4","50.4"
"USC00047916","SANTA CRUZ, CA US","2008-07","90","12","1","0","0","0","0","0","0","26","0","49","0","0.0","0.01","78","56","56","0.01","0.0","63.6","73.1","54.1"
"USC00047916","SANTA CRUZ, CA US","2008-08","104","14","0","0","0","0","0","0","0","23","0","49","0","0.0","0.00","83","108","51","0.00","0.0","63.8","73.3","54.3"
"USC00047916","SANTA CRUZ, CA US","2008-09","150","46","1","0","0","0","0","0","0","20","3","45","0","0.0","0.01","93","170","62","0.01","0.0","64.5","76.4","52.5"
"USC00047916","SANTA CRUZ, CA US","2008-10","175","25","3","3","0","0","0","0","0","21","0","39","0","0.0","0.34","89","295","125","0.80","0.0","61.8","75.1","48.5"
"USC00047916","SANTA CRUZ, CA US","2008-11","184","9","8","3","0","0","0","0","0","5","0","40","0","0.0","0.98","85","533","238","1.94","0.0","57.4","67.0","47.8"
"USC00047916","SANTA CRUZ, CA US","2008-12","184","0","11","6","0","0","0","1","0","2","0","30","0","0.0","0.88","72","1045","511","3.00","0.0","48.5","58.0","39.0"
"USC00047916","SANTA CRUZ, CA US","2009-01","0","0","6","3","0","0","0","1","0","10","0","28","0","0.0","1.20","79","1431","386","1.84","0.0","52.5","64.7","40.4"
"USC00047916","SANTA CRUZ, CA US","2009-02","0","0","17","14","0","0","0","0","0","2","0","34","0","0.0","1.82","77","1800","369","10.29","0.0","51.8","60.0","43.7"
"USC00047916","SANTA CRUZ, CA US","2009-03","0","0","10","5","0","0","0","0","0","5","0","34","0","0.0","0.84","75","2161","361","2.07","0.0","53.3","63.4","43.3"
"USC00047916","SANTA CRUZ, CA US","2009-04","27","27","4","2","0","0","0","0","0","7","3","36","0","0.0","0.25","97","2448","286","0.43","0.0","56.4","67.7","45.0"
"USC00047916","SANTA CRUZ, CA US","2009-05","34","7","4","4","0","0","0","0","0","11","1","45","0","0.0","0.72","91","2639","191","1.67","0.0","59.1","67.7","50.5"
"USC00047916","SANTA CRUZ, CA US","2009-06","39","4","0","0","0","0","0","0","0","19","0","47","0","0.0","0.00","80","2731","92","0.00","0.0","62.1","71.5","52.7"
"USC00047916","SANTA CRUZ, CA US","2009-07","45","6","0","0","0","0","0","0","0","30","1","47","0","0.0","0.00","90","40","40","0.00","0.0","63.9","74.8","53.0"
"USC00047916","SANTA CRUZ, CA US","2009-08","97","52","1","0","0","0","0","0","0","29","3","49","0","0.0","0.02","99","63","23","0.02","0.0","65.9","77.1","54.8"
"USC00047916","SANTA CRUZ, CA US","2009-09","146","49","1","1","0","0","0","0","0","28","4","42","0","0.0","0.36","94","92","29","0.36","0.0","65.7","78.5","52.9"
"USC00047916","SANTA CRUZ, CA US","2009-10","160","14","4","3","0","0","0","0","0","16","0","40","0","0.0","3.16","88","261","169","4.08","0.0","60.0","71.5","48.5"
"USC00047916","SANTA CRUZ, CA US","2009-11","162","1","3","1","0","0","0","0","0","9","0","34","0","0.0","0.15","85","578","316","0.19","0.0","54.5","67.4","41.6"
"USC00047916","SANTA CRUZ, CA US","2009-12","162","0","13","6","0","0","0","5","0","0","0","27","0","0.0","1.03","66","1068","490","4.07","0.0","49.2","57.9","40.4"
"USC00047916","SANTA CRUZ, CA US","2010-01","0","0","12","11","0","0","0","0","0","0","0","37","0","0.0","1.28","69","1477","409","8.19","0.0","51.8","60.3","43.4"
"USC00047916","SANTA CRUZ, CA US","2010-02","0","0","12","9","0","0","0","0","0","5","0","38","0","0.0","2.27","75","1808","331","5.78","0.0","53.2","62.1","44.3"
"USC00047916","SANTA CRUZ, CA US","2010-03","0","0","11","8","0","0","0","0","0","11","0","35","0","0.0","0.77","79","2158","350","3.17","0.0","53.7","66.3","41.1"
"USC00047916","SANTA CRUZ, CA US","2010-04","0","0","11","8","0","0","0","0","0","11","0","37","0","0.0","0.67","77","2476","318","4.48","0.0","54.4","65.3","43.5"
"USC00047916","SANTA CRUZ, CA US","2010-05","0","0","6","5","0","0","0","0","0","15","0","40","0","0.0","0.23","79","2700","224","0.73","0.0","57.8","69.1","46.4"
"USC00047916","SANTA CRUZ, CA US","2010-06","20","20","0","0","0","0","0","0","0","21","1","45","0","0.0","0.00","92","2791","90","0.00","0.0","62.7","73.5","51.8"
"USC00047916","SANTA CRUZ, CA US","2010-07","26","5","1","0","0","0","0","0","0","15","0","47","0","0.0","0.02","81","114","114","0.02","0.0","61.5","69.6","53.4"
"USC00047916","SANTA CRUZ, CA US","2010-08","51","25","2","0","0","0","0","0","0","20","2","45","0","0.0","0.02","101","204","91","0.03","0.0","62.9","73.1","52.6"
"USC00047916","SANTA CRUZ, CA US","2010-09","114","63","1","0","0","0","0","0","0","26","5","45","0","0.0","0.01","103","263","58","0.01","0.0","65.2","78.8","51.5"
"USC00047916","SANTA CRUZ, CA US","2010-10","120","6","6","5","0","0","0","0","0","17","0","40","0","0.0","1.94","85","422","159","3.16","0.0","60.0","69.8","50.3"
"USC00047916","SANTA CRUZ, CA US","2010-11","122","2","10","7","0","0","0","5","0","9","0","29","0","0.0","0.88","85","782","360","4.05","0.0","53.1","64.0","42.1"
"USC00047916","SANTA CRUZ, CA US","2010-12","122","0","18","13","0","0","0","2","0","0","0","31","0","0.0","2.79","68","1192","410","9.40","0.0","50.9","58.0","43.8"
"USC00047916","SANTA CRUZ, CA US","2011-01","0","0","6","3",,,"0","1","0","9","0","29",,,"0.74","77","1608","416","2.17",,"51.6","63.0","40.1"
"USC00047916","SANTA CRUZ, CA US","2011-02","4","4",,,,,"0","4","0","4","0","28",,,,"76","2032","424",,,"50.0","61.1","38.8"
"USC00047916","SANTA CRUZ, CA US","2011-03","6","2",,,,,"0","0","0","6","0","33",,,,"85","2366","334",,,"54.3","64.0","44.6"
"USC00047916","SANTA CRUZ, CA US","2011-04","7","1",,,,,"0","1","0","13","0","32",,,,"86","2612","246",,,"56.9","68.9","44.8"
"USC00047916","SANTA CRUZ, CA US","2011-05","8","1",,,,,"0","0","0","16","0","40",,,,"86","2852","240",,,"57.3","69.3","45.3"
"USC00047916","SANTA CRUZ, CA US","2011-06","8","0",,,,,"0","0","0","20","0","43",,,,"77","2990","138",,,"60.4","69.8","51.0"
"USC00047916","SANTA CRUZ, CA US","2011-07","25","16",,,,,"0","0","0","21","0","49",,,,"86","65","65",,,"63.4","73.0","53.8"
"USC00047916","SANTA CRUZ, CA US","2011-08","27","3",,,,,"0","0","0","23","0","49",,,,"83","146","81",,,"62.5","71.3","53.6"
"USC00047916","SANTA CRUZ, CA US","2011-09","45","18",,,,,"0","0","0","21","0","47",,,,"87","218","72",,,"63.2","73.3","53.1"
"USC00047916","SANTA CRUZ, CA US","2011-10","72","27",,,,,"0","0","0","19","0","39",,,,"89","336","117",,,"62.1","73.2","50.9"
"USC00047916","SANTA CRUZ, CA US","2011-11","72","0",,,,,"0","0","0","3","0","36",,,,"78","715","379",,,"52.4","63.2","41.6"
"USC00047916","SANTA CRUZ, CA US","2011-12","72","0",,,,,"0","10","0","1","0","28",,,,"70","1219","504",,,"48.7","61.3","36.2"
"USC00047916","SANTA CRUZ, CA US","2012-01","0","0",,,,,"0","5","0","4","0","26",,,,"74","1648","428",,,"50.9","63.4","38.4"
"USC00047916","SANTA CRUZ, CA US","2012-02","0","0","6","3",,,"0","0","0","7","0","33",,,"0.42","79","2001","353","0.94",,"52.8","65.2","40.5"
"USC00047916","SANTA CRUZ, CA US","2012-03","0","0","12","11",,,"0","0","0","7","0","33",,,"1.52","83","2349","348","7.39",,"53.8","65.5","42.0"
"USC00047916","SANTA CRUZ, CA US","2012-04","7","7",,,,,"0","0","0","12","0","34",,,,"85","2600","251",,,"56.9","68.7","45.0"
"USC00047916","SANTA CRUZ, CA US","2012-05","8","1","1","0",,,"0","0","0","22","0","41",,,"0.06","83","2769","169","0.06",,"59.6","72.5","46.7"
"USC00047916","SANTA CRUZ, CA US","2012-06","17","9","1","1",,,"0","0","0","24","0","42",,,"0.19","89","2863","94","0.19",,"62.2","75.1","49.2"
"USC00047916","SANTA CRUZ, CA US","2012-07","24","6","1","0",,,"0","0","0","24","0","47",,,"0.03","80","59","59","0.03",,"63.3","73.0","53.6"
"USC00047916","SANTA CRUZ, CA US","2012-08","50","26","0","0",,,"0","0","0","28","1","47",,,"0.00","90","91","32","0.00",,"64.8","76.4","53.2"
"USC00047916","SANTA CRUZ, CA US","2012-09","59","9","1","0",,,"0","0","0","24","0","45",,,"0.02","89","167","76","0.02",,"62.8","74.3","51.2"
"USC00047916","SANTA CRUZ, CA US","2012-10","95","36","6","2",,,"0","0","0","22","2","43",,,"0.27","101","277","110","0.53",,"62.6","74.5","50.8"
"USC00047916","SANTA CRUZ, CA US","2012-11","99","3","11","8",,,"0","0","0","8","0","34",,,"1.74","88","536","259","5.56",,"56.5","67.0","46.0"
"USC00047916","SANTA CRUZ, CA US","2012-12","99","0","15","13",,,"0","3","0","0","0","30",,,"2.08","67","1014","478","7.95",,"49.6","57.4","41.8"
"USC00047916","SANTA CRUZ, CA US","2013-01","0","0","6","3",,,"0","7","0","7","0","28",,,"0.39","76","1505","491","0.90",,"49.2","61.9","36.5"
"USC00047916","SANTA CRUZ, CA US","2013-02","0","0","2","1",,,"0","4","0","5","0","29",,,"0.28","80","1904","399","0.31",,"50.7","64.7","36.8"
"USC00047916","SANTA CRUZ, CA US","2013-03","0","0","8","5",,,"0","0","0","16","0","37",,,"0.53","82","2147","243","1.45",,"57.2","69.7","44.7"
"USC00047916","SANTA CRUZ, CA US","2013-04","0","0","4","3",,,"0","0","0","25","0","37",,,"0.40","85","2285","139","0.93",,"60.4","73.9","46.8"
"USC00047916","SANTA CRUZ, CA US","2013-05","17","17","1","0",,,"0","0","0","26","1","42",,,"0.02","92","2362","77","0.02",,"63.1","77.2","48.9"
"USC00047916","SANTA CRUZ, CA US","2013-06","56","38","3","0",,,"0","0","0","24","0","45",,,"0.08","89","2414","52","0.16",,"64.6","76.4","52.7"
"USC00047916","SANTA CRUZ, CA US","2013-07","75","20","1","0",,,"0","0","0","28","0","52",,,"0.03","82","18","18","0.03",,"65.0","73.8","56.3"
"USC00047916","SANTA CRUZ, CA US","2013-08","155","80","0","0",,,"0","0","0","31","1","48",,,"0.00","90","25","6","0.00",,"67.4","78.9","55.8"
"USC00047916","SANTA CRUZ, CA US","2013-09","248","92","2","1",,,"0","0","0","27","3","44",,,"0.17","97","51","27","0.19",,"67.2","80.7","53.7"
"USC00047916","SANTA CRUZ, CA US","2013-10","262","14","2","0",,,"0","0","0","19","1","41",,,"0.06","93","220","169","0.07",,"60.0","73.5","46.5"
"USC00047916","SANTA CRUZ, CA US","2013-11","262","0","3","1",,,"0","0","0","11","0","37",,,"0.61","80","488","268","0.72",,"56.1","68.6","43.6"
"USC00047916","SANTA CRUZ, CA US","2013-12","262","0","2","1",,,"0","9","0","8","0","25",,,"0.21","77","957","469","0.29",,"49.9","64.1","35.6"
"USC00047916","SANTA CRUZ, CA US","2014-01","0","0","2","0",,,"0","0","0","13","0","35",,,"0.04","84","1246","290","0.05",,"55.7","69.7","41.6"
"USC00047916","SANTA CRUZ, CA US","2014-02","0","0","12","9",,,"0","0","0","6","0","34",,,"1.58","74","1541","294","7.19",,"54.5","63.6","45.3"
"USC00047916","SANTA CRUZ, CA US","2014-03","1","1","11","7",,,"0","0","0","15","0","39",,,"1.05","82","1729","188","3.76",,"59.0","71.0","47.0"
"USC00047916","SANTA CRUZ, CA US","2014-04","11","10","4","4",,,"0","0","0","20","1","40",,,"0.46","93","1894","165","1.21",,"59.8","72.8","46.8"
"USC00047916","SANTA CRUZ, CA US","2014-05","53","42","1","0",,,"0","0","0","30","4","43",,,"0.04","100","1952","58","0.04",,"64.5","80.1","48.8"
"USC00047916","SANTA CRUZ, CA US","2014-06","69","16","1","0",,,"0","0","0","26","0","46",,,"0.02","85","2009","57","0.02",,"63.6","75.8","51.4"
"USC00047916","SANTA CRUZ, CA US","2014-07","160","91","4","0",,,"0","0","0","31","0","50",,,"0.04","88","2","2","0.13",,"67.9","78.1","57.7"
"USC00047916","SANTA CRUZ, CA US","2014-08","248","88","0","0",,,"0","0","0","31","0","52",,,"0.00","86","2","0","0.00",,"67.9","76.9","58.9"
"USC00047916","SANTA CRUZ, CA US","2014-09","317","68","3","3",,,"0","0","0","28","0","48",,,"0.44","87","15","14","0.92",,"66.8","77.5","56.1"
"USC00047916","SANTA CRUZ, CA US","2014-10","385","68","4","2",,,"0","0","0","29","5","46",,,"0.43","100","65","50","0.84",,"65.6","78.3","52.9"
"USC00047916","SANTA CRUZ, CA US","2014-11","385","0","8","7",,,"0","0","0","9","0","37",,,"0.76","78","312","246","3.83",,"56.8","66.7","46.9"
"USC00047916","SANTA CRUZ, CA US","2014-12","385","0","15","12",,,"0","1","0","0","0","32",,,"3.01","66","659","347","11.50",,"53.8","59.7","47.9"
"USC00047916","SANTA CRUZ, CA US","2015-01","0","0","0","0",,,"0","3","0","14","0","29",,,"0.00","83","954","295","0.00",,"55.5","69.5","41.5"
"USC00047916","SANTA CRUZ, CA US","2015-02","0","0","5","4",,,"0","0","0","11","0","35",,,"1.45","82","1147","193","2.85",,"58.1","69.8","46.4"
"USC00047916","SANTA CRUZ, CA US","2015-03","11","11","3","2",,,"0","0","0","27","0","37",,,"0.33","89","1289","142","0.51",,"60.8","75.9","45.6"
"USC00047916","SANTA CRUZ, CA US","2015-04","22","11","3","2",,,"0","0","0","22","1","37",,,"1.34","93","1460","171","1.98",,"59.6","73.5","45.8"
"USC00047916","SANTA CRUZ, CA US","2015-05","22","0","3","0",,,"0","0","0","23","0","43",,,"0.07","76","1592","132","0.10",,"60.7","71.2","50.3"
"USC00047916","SANTA CRUZ, CA US","2015-06","64","42","1","0",,,"0","0","0","29","0","46",,,"0.01","87","1614","22","0.01",,"65.7","77.0","54.3"
"USC00047916","SANTA CRUZ, CA US","2015-07","210","146","1","0",,,"0","0","0","31","3","50",,,"0.03","95","0","0","0.03",,"69.7","81.2","58.2"
"USC00047916","SANTA CRUZ, CA US","2015-08","392","182","1","0",,,"0","0","0","31","4","52",,,"0.03","101","0","0","0.03",,"70.9","84.0","57.7"
"USC00047916","SANTA CRUZ, CA US","2015-09","512","120","2","0",,,"0","0","0","28","7","47",,,"0.02","101","9","9","0.03",,"68.7","82.5","54.9"
"USC00047916","SANTA CRUZ, CA US","2015-10","574","61","3","0",,,"0","0","0","31","2","49",,,"0.03","91","37","28","0.08",,"66.1","77.9","54.3"
"USC00047916","SANTA CRUZ, CA US","2015-11","574","0","7","6",,,"0","4","0","6","0","30",,,"1.53","77","383","345","4.43",,"53.5","65.4","41.6"
"USC00047916","SANTA CRUZ, CA US","2015-12","574","0","11","9",,,"0","4","0","0","0","27",,,"2.10","68","861","478","6.43",,"49.6","59.6","39.5"
"USC00047916","SANTA CRUZ, CA US","2016-01","0","0","17","16",,,"0","0","0","0","0","35",,,"2.36","68","1224","363","11.81",,"53.3","60.3","46.3"
"USC00047916","SANTA CRUZ, CA US","2016-02","1","1","3","3",,,"0","0","0","20","0","37",,,"0.47","85","1430","206","1.03",,"57.9","71.8","44.1"
"USC00047916","SANTA CRUZ, CA US","2016-03","1","0","14","11",,,"0","0","0","11","0","37",,,"2.19","75","1681","251","7.64",,"56.9","66.9","46.9"
"USC00047916","SANTA CRUZ, CA US","2016-04","6","6","6","4",,,"0","0","0","19","1","41",,,"0.28","91","1819","138","0.89",,"60.6","73.1","48.1"
"USC00047916","SANTA CRUZ, CA US","2016-05","6","0","3","1",,,"0","0","0","13","0","43",,,"0.21","77","1956","137","0.25",,"60.6","69.5","51.7"
"USC00047916","SANTA CRUZ, CA US","2016-06","30","23","0","0",,,"0","0","0","25","1","46",,,"0.00","92","2009","52","0.00",,"64.0","76.1","51.9"
"USC00047916","SANTA CRUZ, CA US","2016-07","39","9","1","0",,,"0","0","0","24","0","48",,,"0.01","86","56","56","0.01",,"63.5","74.1","52.8"
"USC00047916","SANTA CRUZ, CA US","2016-08","54","15","3","0",,,"0","0","0","22","0","51",,,"0.02","84","94","38","0.04",,"64.3","72.8","55.7"
"USC00047916","SANTA CRUZ, CA US","2016-09","107","53","1","0",,,"0","0","0","26","3","47",,,"0.03","97","137","43","0.03",,"65.3","77.4","53.3"
"USC00047916","SANTA CRUZ, CA US","2016-10","116","9","11","7",,,"0","0","0","13","1","48",,,"2.17","90","228","91","4.89",,"62.3","70.5","54.2"
"USC00047916","SANTA CRUZ, CA US","2016-11","117","1","6","6",,,"0","0","0","10","0","36",,,"0.85","77","439","211","2.83",,"58.0","66.8","49.3"
"USC00047916","SANTA CRUZ, CA US","2016-12","117","0","10","6",,,"0","3","0","1","0","30",,,"2.55","71","888","449","7.85",,"50.5","60.3","40.7"
"USC00047916","SANTA CRUZ, CA US","2017-01","0","0","16","16",,,"0","1","0","2","0","32",,,"2.95","74","1353","465","15.72",,"50.0","58.4","41.6"
"USC00047916","SANTA CRUZ, CA US","2017-02","0","0","17","13",,,"0","0","0","2","0","33",,,"2.82","74","1661","308","12.96",,"54.0","61.3","46.7"
"USC00047916","SANTA CRUZ, CA US","2017-08",,,"2","0",,,,,,,,,,,"0.01",,,,"0.02",,,,
"USC00047916","SANTA CRUZ, CA US","2017-09",,"168","2","0",,,"0","0","0","30","6","46",,,"0.04","110",,"14","0.06",,"70.1","83.6","56.7"
"USC00047916","SANTA CRUZ, CA US","2017-10",,"46",,,,,"0","0","0","26","4","40",,,,"97",,"99",,,"63.3","79.2","47.5"
"USC00047916","SANTA CRUZ, CA US","2017-11",,"5",,,,,"0","0","0","12","0","40",,,,"80",,"191",,,"58.8","69.1","48.4"
"USC00047916","SANTA CRUZ, CA US","2017-12",,"0","1","1",,,"0","1","0","9","0","31",,,"0.18","81",,"380","0.18",,"52.7","67.1","38.4"
"USC00047916","SANTA CRUZ, CA US","2018-01","0","0","15","10",,,"0","0","0","7","0","36",,,"1.70","75",,"314","5.30",,"54.9","64.9","44.8"
"USC00047916","SANTA CRUZ, CA US","2018-02","0","0","6","1",,,"0","2","0","12","0","31",,,"0.23","79",,"317","0.33",,"53.7","67.5","39.8"
"USC00047916","SANTA CRUZ, CA US","2018-03","1","1",,,,,"0","2","0","10","0","32",,,,"83",,"318",,,"54.5","65.7","43.2"
"USC00047916","SANTA CRUZ, CA US","2018-04","11","9",,,,,"0","0","0","21","0","44",,,,"87",,"118",,,"61.4","73.4","49.4"
"USC00047916","SANTA CRUZ, CA US","2018-05","31","20","2","0",,,"0","0","0","22","0","48",,,"0.03","81",,"72","0.04",,"63.2","72.8","53.6"
"USC00047916","SANTA CRUZ, CA US","2018-06","40","8","2","0",,,"0","0","0","22","0","45",,,"0.02","85",,"49","0.03",,"63.4","75.6","51.3"
"USC00047916","SANTA CRUZ, CA US","2018-07","100","61","0","0",,,"0","0","0","26","1","50",,,"0.00","97","14","14","0.00",,"66.7","77.1","56.4"
"USC00047916","SANTA CRUZ, CA US","2018-08","117","16",,,,,"0","0","0","25","0","49",,,,"83","44","30",,,"64.5","74.0","55.0"
"USC00047916","SANTA CRUZ, CA US","2018-09","127","10","1","0",,,"0","0","0","23","2","47",,,"0.01","90","112","68","0.01",,"63.0","74.6","51.5"
"USC00047916","SANTA CRUZ, CA US","2018-10","150","23","4","0",,,"0","0","0","25","0","43",,,"0.02","87","164","51","0.06",,"64.0","77.5","50.4"
"USC00047916","SANTA CRUZ, CA US","2018-11","150","0",,,,,"0","0","0","16","0","38",,,,"80","372","208",,,"58.1","70.6","45.6"
"USC00047916","SANTA CRUZ, CA US","2018-12","150","0","8","6",,,"0","0","0","0","0","38",,,"2.50","69","708","336","3.89",,"53.0","62.7","43.2"
"USC00047916","SANTA CRUZ, CA US","2019-01","0","0","11","10",,,"0","1","0","4","0","32",,,"2.15","74","1014","306","6.69",,"54.4","63.5","45.4"
"USC00047916","SANTA CRUZ, CA US","2019-02","0","0","16","14",,,"0","1","0","1","0","31",,,"2.30","70","1427","414","11.00",,"50.2","58.7","41.7"
